customer_id,salary_delay_days,balance_decline_ratio_4w,utility_delay_frequency,lending_app_txn_count,failed_auto_debit_count,atm_withdrawal_spike,discretionary_spending_drop_pct,default_next_30_days
C000001,0.0,0.08551747807319757,0.0,2,0,0.6183035714285714,-1.0,0
C000002,0.0,0.14967908078245973,0.0,4,0,1.060064935064935,-1.0,1
C000003,0.0,0.12376430773838884,0.0,1,0,0.40306122448979576,-0.5248414151304867,0
C000004,0.0,0.3128795763817605,0.0,3,0,0.8204887218045112,-0.7956828955606571,0
C000005,0.0,0.22726528399204526,0.0,3,0,0.8136645962732916,-0.16949049244271086,0
C000006,0.0,0.18090092505896363,0.0,4,0,0.5574912891986064,-0.6260734941870655,1
C000007,3.5,-0.2810162937574244,0.3333333333333333,31,0,1.1176470588235294,-1.0,0
C000008,0.0,1.0,0.0,3,0,0.5657142857142856,-0.20294136001497723,0
C000009,0.0,0.5547053099349797,0.0,1,0,0.9821428571428572,-1.0,1
C000010,0.0,0.019328565558945143,0.0,4,0,0.3404255319148939,-0.5732503718753401,1
C000011,0.0,0.46343311655990976,0.0,2,0,0.5642857142857141,-0.7275569450647611,0
C000012,0.0,0.13307980727728097,0.0,4,0,0.7917933130699089,-0.9656852248394004,0
C000013,0.0,0.17285419557659631,0.0,4,0,1.2702702702702706,-0.6274344909309837,0
C000014,0.0,0.8290516250108598,0.0,4,0,0.5785714285714285,-0.07088936729387424,1
C000015,0.0,0.05385009590526335,0.0,4,0,0.35571428571428565,-1.0,0
C000016,0.0,0.6190324118927402,0.0,3,0,0.7554945054945055,-1.0,0
C000017,0.0,0.36199301074293205,0.0,5,0,0.7121428571428572,-0.6765000808668931,0
C000018,0.0,1.0,0.0,4,0,1.1599999999999997,-1.0,1
C000019,0.0,0.09302445849133929,0.0,5,0,0.40977443609022557,-0.3513523312305126,1
C000020,3.6666666666666665,-0.10158542671036543,0.5,23,0,0.9218749999999998,-1.0,0
C000021,2.6666666666666665,0.09501954320252652,0.8333333333333334,21,0,0.47959183673469385,-1.0,0
C000022,0.0,0.2681247262590028,0.0,4,0,0.7119565217391306,-1.0,1
C000023,0.0,0.9313492015431692,0.0,5,0,0.14130434782608714,-0.30006775337770514,1
C000024,0.0,0.10142863953775648,0.0,1,0,0.7195121951219512,-0.4174404521598708,1
C000025,0.0,0.07096569065101417,0.0,3,0,0.7028571428571428,-1.0,1
C000026,0.0,0.07340746430994019,0.0,4,0,0.8441558441558439,-1.0,1
C000027,0.0,0.2186172433934117,0.0,4,0,1.1720116618075802,-1.0,1
C000028,1.8333333333333333,-0.12746487873790002,0.3333333333333333,23,0,0.8239795918367347,-0.2506061830672863,0
C000029,0.0,0.07267837435809876,0.0,2,0,1.1223404255319154,-0.8776277664755564,1
C000030,0.0,0.022876319136084778,0.0,4,0,0.23754152823920283,-0.4396355774028422,0
C000031,0.0,1.0,0.0,2,0,0.5656146179401991,-1.0,0
C000032,2.0,-0.058352860953493575,0.6666666666666666,30,0,0.8750000000000002,-0.8309246309246309,0
C000033,4.166666666666667,-0.3954692115342362,0.3333333333333333,25,0,1.0571428571428574,-1.0,1
C000034,0.0,0.3237549609592472,0.0,2,0,0.5489130434782612,-0.2732953756422719,0
C000035,0.0,0.14784005729657915,0.0,4,0,0.4547619047619049,-0.6650987959556977,1
C000036,4.166666666666667,-0.23724625041476752,0.0,30,0,0.9744897959183674,-1.0,1
C000037,0.0,0.29771886230018024,0.0,6,0,0.7325581395348839,-0.9292035398230089,1
C000038,0.0,0.020828025953204946,0.0,4,0,0.7955927051671734,-1.0,0
C000039,0.0,0.15710552802242395,0.0,4,0,1.2468253968253968,-1.0,0
C000040,0.0,0.9457291021867729,0.0,2,0,0.8822393822393821,-0.6220544237070808,0
C000041,0.0,0.01574839692631202,0.0,4,0,1.25,-1.0,0
C000042,2.3333333333333335,-0.06355553334564397,0.6666666666666666,30,0,0.7091836734693877,-1.0,1
C000043,0.0,0.1173570367420887,0.0,4,0,1.1470588235294117,-1.0,0
C000044,0.0,0.5867781283381923,0.0,2,0,0.9159663865546219,-1.0,1
C000045,0.0,-0.03626285343269209,0.0,4,0,0.8717948717948714,-1.0,0
C000046,0.0,0.024297636158928992,0.0,2,0,0.7773109243697482,-1.0,0
C000047,0.0,0.17936035659968305,0.0,2,0,0.9473684210526314,-1.0,0
C000048,0.0,-0.05380082111458736,0.0,3,0,1.1378737541528237,-0.9445215828807122,0
C000049,0.0,0.11486347122638381,0.0,4,0,1.1323529411764706,-1.0,0
C000050,0.0,-0.04386653976096774,0.0,2,0,0.5,-1.0,0
C000051,3.8333333333333335,0.14804576796555405,0.8333333333333334,31,0,1.4666666666666668,-1.0,1
C000052,0.0,0.5100439788117003,0.0,5,0,0.726190476190476,-1.0,0
C000053,3.6666666666666665,-0.39518091843845676,0.5,27,0,0.357142857142857,-0.5193015182133789,1
C000054,3.3333333333333335,0.013176094537276195,0.6666666666666666,23,0,1.0147058823529411,-1.0,0
C000055,0.0,0.1318472363653321,0.0,2,0,0.4123376623376622,-0.22666111804688582,0
C000056,0.0,0.060298900627443086,0.0,3,0,1.1142857142857143,-1.0,0
C000057,0.0,0.18281636863239195,0.0,4,0,1.0714285714285716,-0.7493788915130509,0
C000058,0.0,0.15010813557990868,0.0,3,0,0.8900000000000001,-1.0,0
C000059,0.0,0.17644185731618017,0.0,2,0,0.954810495626822,-1.0,0
C000060,0.0,0.5857415968338543,0.0,4,0,0.552083333333333,-1.0,0
C000061,0.0,0.3056158547666922,0.0,4,0,0.17460317460317465,-1.0,0
C000062,0.0,0.14491217999514172,0.0,5,0,0.6342857142857143,-1.0,0
C000063,4.0,0.07888580201720535,0.3333333333333333,21,0,1.1581632653061225,-1.0,1
C000064,0.0,0.178077936412726,0.0,2,0,1.2346938775510203,-1.0,0
C000065,0.0,0.18624108216681648,0.0,3,0,0.4123376623376622,-1.0,0
C000066,1.5,0.0915404263867784,0.5,25,0,1.0857142857142854,-1.0,1
C000067,0.0,0.10782330117460837,0.0,3,0,0.4583333333333335,-0.7364678131986129,0
C000068,4.5,-0.13826290381632358,0.5,23,0,0.9494047619047616,-0.26806599368524037,1
C000069,0.0,0.21695253205909937,0.0,4,0,0.8467261904761902,-1.0,1
C000070,4.833333333333333,-0.14279597522161763,0.8333333333333334,28,0,1.1875,-1.0,0
C000071,0.0,0.04197537912236387,0.0,3,0,0.6581632653061222,-0.15382691792444406,0
C000072,5.833333333333333,-0.3200280409213457,0.5,20,0,0.4123376623376622,-0.1346153846153846,0
C000073,3.8333333333333335,-0.3319892443550954,0.3333333333333333,24,0,2.064285714285714,-1.0,0
C000074,0.0,0.08631512393543923,0.0,5,0,0.2857142857142856,-0.5233046658758402,0
C000075,0.0,0.03642555981783124,0.0,3,0,0.3454545454545457,-1.0,0
C000076,0.0,0.04382708185614761,0.0,3,0,0.6293103448275863,-0.5095830243568535,0
C000077,0.6666666666666666,0.009616622696619627,0.6666666666666666,24,0,0.6428571428571426,-1.0,1
C000078,0.0,0.22168823702370477,0.0,3,0,0.9076819407008088,-1.0,0
C000079,0.0,-0.14673042810897727,0.0,3,0,0.554147465437788,-1.0,0
C000080,4.333333333333333,-0.29821126162095346,0.6666666666666666,23,0,0.8112244897959184,-1.0,0
C000081,0.0,0.08899939472929233,0.0,4,0,0.5642857142857141,-0.6425360630950921,1
C000082,3.5,0.06184605644984995,0.5,26,0,-0.20238095238095233,-1.0,1
C000083,4.5,-0.1953859205945286,0.6666666666666666,31,0,0.6071428571428572,-0.7397634720517684,0
C000084,3.8333333333333335,-0.2357146797477377,0.5,28,0,1.1734693877551021,-1.0,0
C000085,2.8333333333333335,-0.5136653937449723,0.3333333333333333,28,0,0.43849206349206327,-0.2306076729207505,1
C000086,0.0,0.39146764874193035,0.0,3,0,0.807277628032345,-1.0,0
C000087,0.0,0.8637181788695693,0.0,3,0,0.7507598784194529,-0.738594797062008,0
C000088,0.0,0.017831048945828275,0.0,4,0,1.5107142857142861,-1.0,1
C000089,0.0,1.0,0.0,3,0,0.5102040816326532,-0.4021777206912658,1
C000090,0.0,0.05589568483686011,0.0,3,0,0.33388704318936857,-0.9437217007178355,0
C000091,0.0,0.3560095923494991,0.0,4,0,0.3788819875776397,-0.9308786610878661,1
C000092,0.0,-0.13162129873457762,0.0,3,0,0.8313953488372094,-0.3752510346995442,0
C000093,0.0,0.09712635330433915,0.0,4,0,0.8849206349206349,-0.9352581340126748,0
C000094,3.1666666666666665,0.15780028556409387,0.3333333333333333,30,0,0.3344155844155845,-1.0,0
C000095,3.1666666666666665,0.052045723644621955,1.0,24,0,1.2653061224489797,-1.0,0
C000096,0.0,0.043417043941156704,0.0,3,0,0.8849206349206349,-1.0,1
C000097,0.0,0.08409709400664146,0.0,2,0,0.4730679156908666,-0.9812377161543925,0
C000098,4.0,0.04014515092331032,0.8333333333333334,28,0,0.44897959183673475,-1.0,1
C000099,4.5,-0.28485661143528473,0.5,31,0,0.30476190476190457,0.016309101198744663,1
C000100,3.3333333333333335,-0.17082296010106038,0.5,25,0,0.8277310924369745,-1.0,1
C000101,0.0,0.07466959831135506,0.0,3,0,0.75,-1.0,0
C000102,0.0,0.8457012360444993,0.0,4,0,0.9285714285714284,-0.42342075369190496,0
C000103,0.0,0.08979007881784455,0.0,4,0,1.0857142857142854,-0.944345049152575,0
C000104,0.0,-0.006189673575663981,0.0,3,0,0.726190476190476,-1.0,1
C000105,0.0,0.17777560499293638,0.0,2,0,0.7374517374517373,-0.7720652335693479,0
C000106,0.0,0.09950460663769695,0.0,4,0,0.945616883116883,-0.8246746110247594,0
C000107,0.0,-0.04087277657312507,0.0,3,0,-0.0340136054421768,-1.0,0
C000108,2.3333333333333335,0.14943508374491957,0.5,18,0,0.7857142857142858,-1.0,0
C000109,0.0,0.09879738345259265,0.0,4,0,0.8170731707317074,-1.0,0
C000110,0.0,0.04160087484302921,0.0,4,0,1.0714285714285712,-1.0,0
C000111,0.0,0.06679225067925237,0.0,3,0,0.4285714285714286,-0.4768037961276109,0
C000112,1.6666666666666667,-0.17692759537241165,0.3333333333333333,27,0,0.6578947368421053,-0.00911990152744363,0
C000113,0.0,1.0,0.0,4,0,0.39285714285714257,-1.0,1
C000114,0.0,0.7018339296314254,0.0,1,0,0.8907563025210086,-1.0,0
C000115,2.0,-0.0009025912587139626,0.3333333333333333,21,0,0.7763157894736841,-1.0,0
C000116,0.0,0.18416171792939914,0.0,2,0,0.3214285714285716,-1.0,0
C000117,0.0,0.05211549233943296,0.0,3,0,0.807277628032345,-1.0,0
C000118,0.0,0.06633769582027535,0.0,6,0,0.7380952380952379,-1.0,0
C000119,3.0,-0.25076588103466646,0.3333333333333333,26,0,1.615384615384615,-1.0,0
C000120,0.0,0.023421951451101243,0.0,3,0,0.853968253968254,-0.6692709333128575,0
C000121,0.0,0.10260637180374772,0.0,2,0,0.40037593984962405,-0.5395575632203319,0
C000122,1.6666666666666667,-0.06465126443437556,0.5,33,0,0.75,-1.0,1
C000123,0.0,-0.05674572319083104,0.0,3,0,0.7027027027027029,-0.02769617353066164,0
C000124,1.6666666666666667,0.02616730090352178,0.3333333333333333,30,0,0.025510204081632626,-0.8667450383790886,1
C000125,4.0,-0.3149823799960382,0.6666666666666666,23,0,0.48872180451127845,-1.0,1
C000126,0.0,0.727028978285039,0.0,2,0,0.2857142857142856,-0.8519714263924549,1
C000127,0.0,0.11410825295342117,0.0,3,0,0.8092857142857144,-0.5084184506319668,0
C000128,0.0,0.4623406014887142,0.0,5,0,1.057142857142857,-1.0,0
C000129,0.0,0.15236176411610422,0.0,4,0,0.2857142857142856,-1.0,0
C000130,0.0,0.1646750661439816,0.0,3,0,0.8313953488372094,-1.0,0
C000131,3.6666666666666665,-0.3889411846081491,0.6666666666666666,36,0,1.28125,-1.0,0
C000132,0.0,-0.061899913823735206,0.0,2,0,0.40873015873015883,-1.0,1
C000133,0.0,0.06287697509012508,0.0,4,0,0.5851063829787237,-0.3282083706011165,1
C000134,2.5,-0.13680495442280885,0.8333333333333334,29,0,0.7999999999999998,-1.0,1
C000135,0.0,0.2916930937118128,0.0,3,0,0.9271428571428573,-0.6737545982741431,1
C000136,0.0,0.048042984098764674,0.0,2,0,0.607142857142857,-1.0,0
C000137,0.0,0.06158876673673961,0.0,4,0,1.1401785714285713,-1.0,0
C000138,0.0,0.1412351160166169,0.0,4,0,0.23299319727891143,-1.0,0
C000139,3.1666666666666665,0.049732831597705814,0.3333333333333333,28,0,1.171875,-1.0,1
C000140,0.0,0.08580327666438377,0.0,4,0,0.6859838274932619,-1.0,0
C000141,0.0,0.13542082316738738,0.0,3,0,0.5918367346938778,-0.8542309154661822,0
C000142,2.1666666666666665,0.13495429928788696,0.3333333333333333,18,0,0.9027777777777779,-1.0,1
C000143,0.0,0.021368074775936635,0.0,2,0,0.37351190476190443,-0.2708164390671121,0
C000144,0.0,0.21077121886583824,0.0,3,0,0.3640552995391706,-1.0,1
C000145,0.0,0.7826279798645549,0.0,4,0,0.46804511278195515,-0.14647703122445643,0
C000146,0.0,0.20309546155840424,0.0,4,0,1.202380952380952,-1.0,0
C000147,0.0,0.08105280006163464,0.0,2,0,0.37043189368770757,-1.0,0
C000148,0.0,0.32988469801088005,0.0,1,0,0.49865229110512166,-0.918620662904133,0
C000149,0.0,0.0677918094665499,0.0,3,0,0.5954968944099379,-1.0,0
C000150,2.8333333333333335,0.14585398317687776,0.5,24,0,0.5943877551020407,-0.5642318746271894,1
C000151,0.0,0.6591154411426663,0.0,4,0,0.3835714285714287,-0.9139959620338354,0
C000152,0.0,0.012609768559734997,0.0,5,0,0.7507598784194529,-0.7438872687970308,1
C000153,3.8333333333333335,-0.17590712498993688,0.5,29,0,1.5909090909090908,-1.0,0
C000154,4.333333333333333,0.04512175612242669,0.3333333333333333,28,0,-0.29220779220779214,-0.2929315116636647,1
C000155,0.0,0.09285755812183405,0.0,4,0,0.6477272727272725,-0.9849640604371425,0
C000156,2.5,-0.16175008732213247,0.3333333333333333,19,0,0.9132653061224489,-1.0,1
C000157,2.8333333333333335,-0.0670161050207875,0.6666666666666666,20,0,1.234375,-1.0,0
C000158,0.0,0.06711860454052358,0.0,4,0,0.9419642857142856,-1.0,0
C000159,0.0,0.5691761983471273,0.0,2,0,0.6457142857142855,-1.0,0
C000160,0.0,-0.13432296783219402,0.0,3,0,0.9576271186440679,-0.25870826661156743,0
C000161,0.0,0.09198557774969869,0.0,4,0,0.883116883116883,-1.0,1
C000162,0.0,0.18847432912460482,0.0,5,0,0.7441860465116277,-1.0,0
C000163,0.0,0.8910580096663938,0.0,2,0,0.4880952380952379,-1.0,0
C000164,0.0,0.16258631846044955,0.0,5,0,0.6470588235294119,-0.6499035630900416,0
C000165,0.0,0.5115721704601716,0.0,3,0,1.491694352159468,-1.0,0
C000166,0.0,0.26044737246578437,0.0,3,0,0.0027472527472527375,-0.34626215597191456,1
C000167,0.0,0.4780176327849363,0.0,5,0,0.8237082066869301,-0.7436614904842258,1
C000168,0.0,0.16437453024004464,0.0,4,0,0.10969387755102034,-1.0,0
C000169,0.0,0.424668010142675,0.0,3,0,1.0138888888888888,-1.0,0
C000170,0.0,0.09102530749884033,0.0,4,0,0.5949675324675323,-1.0,1
C000171,1.6666666666666667,-0.12099429649445993,0.6666666666666666,25,0,1.2380952380952381,-0.44075993091537136,1
C000172,0.0,0.8802462436502833,0.0,2,0,0.8482142857142856,-0.5419429426366078,1
C000173,0.0,1.0,0.0,2,0,0.5231092436974789,-0.7866754775922143,0
C000174,5.0,-0.10299019274611249,0.5,30,0,0.5959821428571428,-1.0,0
C000175,0.0,0.029303753800824804,0.0,4,0,0.9102564102564104,-1.0,0
C000176,0.0,0.048393969698949206,0.0,4,0,1.0008116883116882,-0.8217921976002148,0
C000177,0.0,0.4115881668051783,0.0,3,0,0.8076923076923079,-1.0,0
C000178,3.0,0.049921697359009684,0.5,20,0,0.29591836734693877,-1.0,0
C000179,0.0,0.9478427907193646,0.0,2,0,0.717857142857143,-0.5630935167454766,1
C000180,0.0,0.10210230175145556,0.0,2,0,0.2912087912087913,-1.0,1
C000181,0.0,0.15395861686938006,0.0,4,0,0.7242857142857144,-0.5573646774710865,1
C000182,0.0,0.1776714818545696,0.0,2,0,0.7933673469387754,-1.0,0
C000183,0.0,0.09042722296704536,0.0,4,0,-0.023255813953488302,-0.6450370503840177,0
C000184,0.0,0.13622527866309078,0.0,1,0,0.3035714285714286,-0.7032835950377375,0
C000185,0.0,0.9752059494895705,0.0,6,0,1.153726708074534,-0.5402093438856268,1
C000186,0.0,0.6431511967201875,0.0,1,0,1.0277777777777777,-0.5790211935915138,1
C000187,0.0,0.6253357522585196,0.0,3,0,1.1146616541353387,-0.6544737245288801,0
C000188,3.5,0.02765990005269597,0.3333333333333333,28,0,1.28125,-1.0,0
C000189,0.0,0.04661016974930115,0.0,3,0,0.7842565597667637,-1.0,0
C000190,0.0,0.12134659732769564,0.0,0,0,0.6869300911854104,-0.4130805575705295,0
C000191,0.0,-0.06871997665436547,0.0,4,0,0.604395604395604,-0.3086991010047594,1
C000192,1.1666666666666667,0.08862741610394033,0.5,32,0,0.41758241758241743,-1.0,1
C000193,0.0,0.03949077942508227,0.0,2,0,0.2804878048780488,-0.7467970156933368,0
C000194,0.0,0.4056451290563711,0.0,3,0,0.3644688644688645,-0.12364326758291609,1
C000195,0.0,0.23987478101937157,0.0,3,0,0.7619047619047621,-1.0,0
C000196,0.0,-0.020476297508081193,0.0,2,0,0.6869300911854104,-1.0,0
C000197,0.0,0.041547032613850864,0.0,1,0,0.7023809523809526,-1.0,0
C000198,4.666666666666667,-0.3748870457536124,0.8333333333333334,29,0,0.8428571428571427,-1.0,1
C000199,0.0,0.46443129767108154,0.0,6,0,0.8237082066869301,-1.0,0
C000200,0.0,0.19999246712934962,0.0,2,0,0.5616883116883116,-0.838443476873276,1
C000201,0.0,0.6013241110975346,0.0,4,0,0.8385714285714285,-1.0,0
C000202,0.0,0.17006840979031576,0.0,4,0,1.3197674418604652,-1.0,0
C000203,3.5,0.02265862504979023,0.8333333333333334,28,0,0.7857142857142858,-1.0,1
C000204,0.0,0.7835504007789479,0.0,4,0,1.0822981366459627,-1.0,1
C000205,0.0,0.6380986078253985,0.0,3,0,0.9955357142857146,-0.6187413498331027,0
C000206,0.0,0.9558686096633621,0.0,2,0,1.0,-0.8046902008988591,1
C000207,0.0,0.06753270297436882,0.0,2,0,0.5535714285714286,-0.19436559474277715,0
C000208,0.0,0.12872162977873874,0.0,3,0,0.6694677871148458,-0.47382366693798383,0
C000209,0.0,0.019127681387271087,0.0,3,0,0.6818181818181819,-1.0,1
C000210,0.0,0.09856196295751338,0.0,2,0,1.1185064935064934,-1.0,0
C000211,2.8333333333333335,-0.38313165583877035,0.3333333333333333,37,0,1.1122448979591835,-1.0,1
C000212,0.0,-0.0038116019610537582,0.0,4,0,0.5679442508710804,-1.0,1
C000213,0.0,0.0454079001136194,0.0,4,0,0.7046703296703296,-0.6984195497709011,0
C000214,2.0,-0.38624422467520475,0.0,20,0,1.253968253968254,-1.0,1
C000215,0.0,0.07883623986381176,0.0,1,0,1.0103174603174603,-1.0,0
C000216,0.0,0.06391601800842558,0.0,3,0,0.8529411764705883,-1.0,0
C000217,0.0,-0.008909595162247437,0.0,4,0,0.6641337386018233,-0.5219328144073305,1
C000218,0.0,0.10451106889747569,0.0,3,0,0.7410714285714284,-1.0,0
C000219,4.0,-0.1510326725173702,0.6666666666666666,23,0,0.7346938775510203,0.17626678215677782,0
C000220,0.0,0.159710373730258,0.0,2,0,0.8472644376899694,-0.936727321680989,0
C000221,0.0,0.09727689085161216,0.0,3,0,1.1205357142857144,-1.0,0
C000222,0.0,0.09739993438864442,0.0,2,0,0.7857142857142858,-0.9993338028437101,1
C000223,0.0,0.4650920519884646,0.0,2,0,0.381578947368421,-1.0,0
C000224,0.0,0.44926735857680006,0.0,2,0,0.9913793103448276,-0.42285971312909193,1
C000225,4.666666666666667,-0.26214631022547746,0.5,27,0,0.7023809523809521,-1.0,0
C000226,0.0,0.284055523615302,0.0,3,0,0.5852769679300289,-1.0,0
C000227,0.0,0.1584062274348351,0.0,2,0,1.151215805471125,-1.0,0
C000228,0.0,0.14495798910448476,0.0,3,0,0.8260869565217392,-1.0,0
C000229,0.0,0.04841154653478245,0.0,2,0,1.2653061224489797,-1.0,0
C000230,0.0,0.08607925813605076,0.0,3,0,0.5926640926640925,-0.9964996718442354,0
C000231,0.0,0.04186334975804768,0.0,3,0,0.14130434782608714,-0.500119230852609,0
C000232,0.0,0.1883455688966488,0.0,3,0,0.6353383458646613,-1.0,0
C000233,0.0,0.12849666168841448,0.0,4,0,0.5918367346938775,-0.8245870750481078,0
C000234,0.0,0.16921290962005633,0.0,3,0,0.6139455782312924,-1.0,0
C000235,0.0,0.881709791518342,0.0,5,0,0.3392857142857144,-0.7120655157973105,1
C000236,0.0,0.11537774712590167,0.0,1,0,0.8610248447204969,-1.0,0
C000237,0.0,0.2627374305954627,0.0,5,0,0.576086956521739,-1.0,0
C000238,0.0,0.28575680488874877,0.0,3,0,1.2767857142857144,-1.0,1
C000239,3.6666666666666665,-0.24722555090138965,0.6666666666666666,32,0,0.3392857142857142,-0.7368834741599528,1
C000240,0.0,0.15455421198514607,0.0,4,0,0.807277628032345,-0.6107092985785384,0
C000241,0.0,0.1115516348874956,0.0,2,0,1.212624584717608,-1.0,0
C000242,0.0,0.11505364811572023,0.0,4,0,0.14030612244897966,-0.6151648406250776,0
C000243,0.0,0.08899414445966645,0.0,2,0,0.5038819875776399,-1.0,0
C000244,4.833333333333333,-0.06521155870706491,0.5,29,0,-0.07352941176470584,-0.5867963454170351,1
C000245,0.0,0.040938577421757244,0.0,3,0,0.3928571428571428,-0.6800924224124351,0
C000246,0.0,0.14692867563610604,0.0,3,0,0.7842565597667637,-1.0,0
C000247,3.5,-0.05217856974977842,0.8333333333333334,31,0,0.43907563025210083,-0.9305054703257747,1
C000248,0.0,0.08962836006953626,0.0,6,0,0.8285714285714285,-1.0,0
C000249,0.0,0.21440788743854702,0.0,3,0,0.7872340425531918,-1.0,0
C000250,0.0,0.10717216833076407,0.0,3,0,0.8367346938775511,-0.8154747809614018,1
C000251,3.6666666666666665,0.1479431404756225,0.6666666666666666,29,0,0.75,-1.0,1
C000252,0.0,0.053389328419804476,0.0,2,0,0.8874223602484472,-0.677227251071939,1
C000253,2.0,-0.000777290625029515,0.16666666666666666,25,0,0.24369747899159688,-0.04279173514909603,0
C000254,3.3333333333333335,-0.43924215123448146,0.6666666666666666,25,0,0.9583333333333335,-0.3905368516833485,0
C000255,4.333333333333333,-0.4238242771339487,0.3333333333333333,25,0,1.958333333333333,-1.0,0
C000256,0.0,0.11413427312717465,0.0,2,0,0.6190476190476191,-0.8742348494086087,0
C000257,0.0,0.31316848209533255,0.0,3,0,1.1,-1.0,0
C000258,0.0,0.04917497336413706,0.0,3,0,0.7195121951219512,-1.0,0
C000259,0.0,0.02784606598618096,0.0,2,0,1.1205357142857144,-1.0,0
C000260,0.0,0.6812001524491653,0.0,2,0,0.47508305647840543,-0.7466848109328855,1
C000261,0.0,0.6754858389883769,0.0,1,0,0.6629464285714284,-0.5480066817921165,0
C000262,5.333333333333333,-0.29027845279101494,0.8333333333333334,24,0,0.8857142857142859,-1.0,1
C000263,2.5,-0.18607199090501797,0.16666666666666666,25,0,0.35389610389610393,-1.0,1
C000264,0.0,0.20688212850513846,0.0,5,0,0.636363636363636,-1.0,1
C000265,0.0,0.32080325422767964,0.0,2,0,0.554817275747508,-0.8278288609495215,0
C000266,4.333333333333333,0.1775668812527097,0.8333333333333334,22,0,0.75,-1.0,0
C000267,0.0,0.08664285491044944,0.0,1,0,0.9687499999999998,-1.0,0
C000268,0.0,0.01243408537718457,0.0,4,0,0.40977443609022557,-1.0,0
C000269,0.0,0.8838778455536321,0.0,6,0,0.6946428571428569,-1.0,0
C000270,3.5,-0.39300310585693576,0.8333333333333334,23,0,1.3035714285714284,-0.8650505574280529,0
C000271,0.0,0.021947738774821257,0.0,4,0,0.6275510204081629,-0.9770396512352086,1
C000272,0.0,0.16671282224458453,0.0,2,0,1.2796352583586628,-1.0,0
C000273,0.0,0.20764689778844572,0.0,2,0,1.2812499999999996,-1.0,1
C000274,5.5,-0.3813137586754248,0.5,24,0,1.3538961038961035,-1.0,1
C000275,0.0,0.5660348157631105,0.0,4,0,0.10863095238095233,0.03066488482706097,1
C000276,0.0,0.16196973654580066,0.0,5,0,1.457446808510639,-1.0,0
C000277,0.0,0.1590766999482066,0.0,3,0,0.9821428571428572,-1.0,0
C000278,0.0,0.05426867829044767,0.0,3,0,1.267045454545455,-1.0,0
C000279,0.0,0.06894974056166762,0.0,1,0,0.6799999999999999,-0.33890557223890555,0
C000280,0.0,0.17965326666948092,0.0,2,0,0.7380952380952381,-1.0,0
C000281,0.0,0.03474224236332216,0.0,4,0,0.30079365079365084,-0.6485294420742389,0
C000282,4.166666666666667,-0.0785394173862786,0.3333333333333333,35,0,1.171875,-1.0,1
C000283,0.0,0.3390347349891134,0.0,4,0,0.5494505494505497,-1.0,1
C000284,3.1666666666666665,-0.2199742196122594,0.6666666666666666,33,0,0.4571428571428571,-0.21185235739066144,0
C000285,0.0,0.6903875621220096,0.0,4,0,0.6804511278195489,-1.0,0
C000286,0.0,0.09865118685910704,0.0,4,0,0.3408163265306121,-0.67013351738582,0
C000287,5.0,0.03958128898373527,0.8333333333333334,23,0,-0.09340659340659341,-0.7854532677442024,0
C000288,0.0,0.03146452883053238,0.0,3,0,0.46350931677018625,-0.43857111866367776,0
C000289,0.0,0.8522090879947897,0.0,2,0,0.7796610169491527,-1.0,1
C000290,0.0,-0.02551290451827308,0.0,2,0,1.253968253968254,-1.0,0
C000291,0.0,0.06866214946333346,0.0,5,0,0.9800664451827243,-1.0,1
C000292,0.0,-0.017333459636870437,0.0,3,0,0.801948051948052,-0.9016478815608377,0
C000293,3.6666666666666665,-0.12133016561912198,0.3333333333333333,20,0,1.4537815126050417,-1.0,0
C000294,0.0,0.03910839527206909,0.0,4,0,0.09022556390977443,-0.5117815710027152,0
C000295,1.3333333333333333,-0.27210598498308897,0.6666666666666666,34,0,0.1517857142857144,-0.6502089136490251,1
C000296,0.0,0.21072375943577895,0.0,3,0,0.4591836734693877,-0.6350764748725419,0
C000297,0.0,0.23761323181767963,0.0,3,0,0.6666666666666667,-1.0,1
C000298,0.0,0.9261851910564193,0.0,2,0,0.7023809523809523,-0.9153660210689666,0
C000299,1.0,0.01439987770093531,0.16666666666666666,31,0,0.43877551020408156,-0.6121620737055705,0
C000300,0.0,0.07500061015153937,0.0,4,0,0.7466931216931221,-0.6035258949794713,0
C000301,0.0,0.12858194827987296,0.0,4,0,0.8296703296703296,-0.49491786533599025,0
C000302,0.0,0.11482302670702832,0.0,3,0,0.4512987012987013,-0.5962094554576177,1
C000303,0.0,0.9877120336511767,0.0,3,0,0.7971428571428572,-0.6106591727062072,1
C000304,3.8333333333333335,-0.3338889206002382,0.3333333333333333,24,0,0.575,-1.0,1
C000305,0.0,0.8491634428766275,0.0,3,0,0.6527777777777779,-0.4300290714244998,0
C000306,4.0,-0.20242097823679722,0.8333333333333334,36,0,0.2053571428571428,-0.7205990309792982,0
C000307,0.0,0.6286601665350395,0.0,5,0,1.2317460317460323,-1.0,0
C000308,2.8333333333333335,0.1418329823753799,0.5,21,0,0.5290178571428572,-1.0,0
C000309,3.8333333333333335,-0.2961414420119767,0.5,21,0,0.881578947368421,-1.0,1
C000310,0.0,0.20912098755455033,0.0,4,0,0.39370748299319724,-1.0,1
C000311,0.0,0.8267265879686874,0.0,3,0,0.857142857142857,-0.7383666289129335,0
C000312,0.0,0.35854741173976135,0.0,3,0,0.9026610644257702,-0.1953482040411505,1
C000313,2.1666666666666665,0.031537870738345096,0.5,23,0,0.8781512605042019,-1.0,1
C000314,0.0,0.035279670734672273,0.0,4,0,0.3416988416988418,-1.0,0
C000315,0.0,0.16212168894171908,0.0,4,0,0.7028571428571428,-1.0,0
C000316,0.0,0.18136707177837913,0.0,4,0,0.9941690962099123,-1.0,0
C000317,0.0,0.06736238982189272,0.0,3,0,0.616326530612245,-0.8400746733042938,0
C000318,0.0,1.0,0.0,1,0,0.8989361702127663,-1.0,0
C000319,0.0,0.23122150057179752,0.0,2,0,0.6153846153846154,-1.0,0
C000320,0.0,0.22117861232975974,0.0,4,0,0.8170731707317074,-0.8536374212049888,1
C000321,0.0,0.177649020985753,0.0,2,0,1.1428571428571428,-1.0,0
C000322,3.8333333333333335,-0.35110326832560446,0.6666666666666666,32,0,1.1734693877551021,-0.7046223820605035,1
C000323,0.0,0.028289790344886656,0.0,3,0,0.7857142857142856,-1.0,0
C000324,0.0,0.08184896735190768,0.0,1,0,1.063411078717201,-1.0,0
C000325,2.3333333333333335,-0.015271683032227791,0.6666666666666666,32,0,-0.08928571428571419,-0.7454687195478464,0
C000326,0.0,0.12437630722694641,0.0,4,0,1.1283783783783785,-1.0,1
C000327,3.1666666666666665,-0.2762924694340304,0.5,24,0,0.07967032967032961,-0.6094725343320849,1
C000328,3.8333333333333335,0.012206548712554487,0.6666666666666666,27,0,1.6785714285714288,-1.0,1
C000329,0.0,0.06839057287630511,0.0,4,0,0.7396978021978022,-1.0,1
C000330,0.0,0.36911360370731416,0.0,4,0,1.4034090909090908,-1.0,0
C000331,4.333333333333333,0.12200009448299345,0.3333333333333333,25,0,0.5543478260869565,-1.0,1
C000332,0.0,0.19856974570642633,0.0,3,0,0.2639751552795029,-0.15532465075210494,1
C000333,0.0,0.078562360116377,0.0,3,0,0.5918367346938778,-0.9880443730155619,0
C000334,0.0,0.10818016669855578,0.0,4,0,0.5795454545454546,-0.5223838748870682,1
C000335,4.0,0.00597076180219376,0.6666666666666666,22,0,1.1785714285714284,-1.0,1
C000336,0.0,0.11434162319237448,0.0,4,0,0.630662020905923,-0.6585049077011519,0
C000337,0.0,0.3745197537447843,0.0,4,0,0.649595687331536,-0.8583496035382715,0
C000338,0.0,0.256298593072319,0.0,3,0,0.45552560646900253,-0.9488611476127902,0
C000339,0.0,0.2820592065366539,0.0,1,0,0.5,-1.0,0
C000340,0.0,0.6585877134217788,0.0,2,0,0.717857142857143,-0.6872611982765628,1
C000341,0.0,0.053040468252530976,0.0,3,0,0.9605263157894737,-1.0,0
C000342,2.8333333333333335,0.044904283362935504,0.5,28,0,0.8112244897959184,-1.0,1
C000343,0.0,0.14613700796180748,0.0,5,0,0.690962099125364,-1.0,0
C000344,0.0,0.10068197678123192,0.0,4,0,0.5957446808510638,-1.0,0
C000345,0.0,0.7570009847921363,0.0,4,0,0.5918367346938778,-1.0,0
C000346,3.6666666666666665,0.07081923383518536,0.16666666666666666,27,0,0.8684210526315792,-1.0,0
C000347,3.1666666666666665,-0.17165729591297516,0.3333333333333333,22,0,0.6521739130434785,-1.0,1
C000348,0.0,0.09492882996053027,0.0,2,0,0.9505494505494505,-1.0,0
C000349,2.6666666666666665,0.020746272113370903,0.3333333333333333,34,0,1.0,-1.0,1
C000350,0.0,0.12121759962962025,0.0,1,0,0.9969604863221881,-0.8209244496452863,0
C000351,0.0,0.1500004648462867,0.0,2,0,0.883116883116883,-0.9108375467135634,0
C000352,3.5,0.013023383920385021,0.3333333333333333,26,0,0.8616071428571428,-0.8378153012299354,0
C000353,0.0,0.037322743436442984,0.0,2,0,0.7507598784194529,-1.0,0
C000354,0.0,0.09834168279643972,0.0,2,0,1.1684782608695654,-1.0,0
C000355,0.0,0.07965308431744998,0.0,2,0,0.9767441860465118,-1.0,1
C000356,3.3333333333333335,-0.3164085554979462,0.5,32,0,0.8367346938775511,-1.0,1
C000357,0.0,0.04583616071864613,0.0,3,0,0.96984126984127,-1.0,1
C000358,3.3333333333333335,-0.5529839946293263,0.5,24,0,0.6208791208791207,0.027005462468544773,0
C000359,0.0,0.13344376896601642,0.0,2,0,0.7716165413533833,-1.0,0
C000360,0.0,0.13626338868865365,0.0,2,0,0.4836956521739133,-0.38899525893508385,0
C000361,0.0,0.1611940538553285,0.0,3,0,0.7046703296703296,-0.4350241589605313,1
C000362,0.0,0.1179965945621186,0.0,4,0,0.4937888198757763,-1.0,0
C000363,0.0,0.2005050805023071,0.0,5,0,0.38311688311688297,-0.36324741456244425,0
C000364,3.8333333333333335,-0.12571961107110635,0.5,30,0,1.0089285714285712,-1.0,1
C000365,0.0,0.17447085772180032,0.0,4,0,0.30952380952380953,-0.7476052316477848,0
C000366,2.5,-0.43226558006756804,0.3333333333333333,28,0,0.5064935064935066,-0.8463200123437741,0
C000367,4.5,-0.3388791802332271,0.5,28,0,0.5513392857142858,-1.0,0
C000368,0.0,0.18241314546395382,0.0,5,0,0.9090909090909094,-1.0,0
C000369,0.0,1.0,0.0,1,0,0.4693877551020409,0.03499391306423508,1
C000370,0.0,0.7949035117727413,0.0,3,0,0.1785714285714286,-0.26466875240133925,1
C000371,0.0,0.12394543027022313,0.0,1,0,0.8921703296703296,-1.0,0
C000372,3.1666666666666665,-0.1813979430716062,0.6666666666666666,30,0,1.0441176470588234,-0.34962252601509897,0
C000373,0.0,0.09109813471368189,0.0,4,0,0.8214285714285714,-1.0,1
C000374,4.0,0.00999836991551995,0.8333333333333334,22,0,1.4624060150375935,-0.6483252415281252,0
C000375,0.0,0.08631148356124303,0.0,3,0,0.5964285714285715,-0.5498079513144112,0
C000376,2.8333333333333335,0.03499566754418522,0.6666666666666666,27,0,0.48809523809523836,-1.0,1
C000377,0.0,0.158818934642353,0.0,2,0,0.8189368770764116,-0.3840732279114217,0
C000378,0.0,0.3821742610543833,0.0,3,0,1.337662337662337,-1.0,0
C000379,0.0,0.08850347708309235,0.0,4,0,1.0799689440993787,-1.0,1
C000380,0.0,-0.07314858881374413,0.0,1,0,0.6111111111111109,-0.8587359623922696,0
C000381,0.0,0.06348789309393782,0.0,3,0,-0.10638297872340408,-0.5262332158356935,0
C000382,3.5,-0.12359907776068643,0.3333333333333333,27,0,0.8403361344537814,-1.0,0
C000383,2.1666666666666665,0.30977079048660316,0.6666666666666666,29,0,1.171875,-0.5953516902944384,1
C000384,0.0,0.06988242874652473,0.0,4,0,0.7682926829268293,-1.0,0
C000385,0.0,0.2961360139967829,0.0,3,0,0.9047619047619047,-1.0,0
C000386,4.333333333333333,0.047186501932955247,0.5,23,0,0.49234693877551017,-0.32141020245943797,1
C000387,0.0,0.05867879249395546,0.0,3,0,1.4072948328267478,-1.0,0
C000388,0.0,0.11738255659297435,0.0,2,0,1.267045454545455,-1.0,0
C000389,3.3333333333333335,-0.04055613186668673,0.3333333333333333,33,0,0.2611607142857142,0.051671241724527694,1
C000390,0.0,0.07865465589824291,0.0,1,0,-0.060317460317460214,-0.7137105945503344,0
C000391,0.0,0.1586545806931004,0.0,1,0,0.8529411764705883,-0.5841099231985973,0
C000392,0.0,0.06044374604273471,0.0,2,0,0.612781954887218,-0.4849683232990989,0
C000393,4.5,0.11468204900980247,0.16666666666666666,22,0,1.058823529411765,-1.0,1
C000394,3.8333333333333335,-0.0008363127004850023,0.5,29,0,1.1587301587301586,-0.9980683260665599,1
C000395,0.0,0.04527064264291033,0.0,1,0,0.9824929971988794,-0.9200187090739008,0
C000396,0.0,0.12507161193950014,0.0,1,0,1.2088948787061997,-1.0,0
C000397,3.6666666666666665,-0.06942596768288714,0.5,21,0,1.3571428571428572,-1.0,0
C000398,0.0,0.25636799561420753,0.0,1,0,0.43137254901960764,-1.0,0
C000399,0.0,0.16906393666415273,0.0,6,0,0.7691029900332229,-1.0,1
C000400,0.0,0.8130949369200361,0.0,3,0,0.8625000000000003,-0.6444296690307328,1
C000401,3.3333333333333335,-0.0767078941507657,0.5,29,0,0.44897959183673475,-0.22482197355035605,0
C000402,0.0,0.06140272234567985,0.0,3,0,0.26857142857142846,-0.40351154420156266,0
C000403,0.0,0.026495846420867327,0.0,2,0,0.2639751552795029,-0.6386785845312344,0
C000404,0.0,0.29495651220030566,0.0,3,0,0.7857142857142858,-1.0,0
C000405,0.0,0.07384565987240756,0.0,5,0,0.9154518950437316,-1.0,0
C000406,5.666666666666667,-0.23645112484738076,0.5,28,0,1.175824175824176,-1.0,0
C000407,0.0,0.07082277064681185,0.0,2,0,0.9798136645962734,-0.8637203280103583,0
C000408,0.0,0.8590914710479285,0.0,2,0,0.5714285714285712,-1.0,1
C000409,0.0,0.0445428776918841,0.0,3,0,1.2312499999999997,-1.0,0
C000410,0.0,0.17997889574668763,0.0,1,0,0.35416666666666674,-0.6742397587333501,0
C000411,0.0,0.6277863518149615,0.0,2,0,0.36111111111111116,-1.0,1
C000412,3.8333333333333335,-0.11608916585381555,0.8333333333333334,25,0,0.05714285714285716,-0.8038379530916845,1
C000413,0.0,0.07737607409995861,0.0,4,0,0.6804511278195489,-0.7336573918873617,1
C000414,0.0,0.5417011213567863,0.0,5,0,0.574344023323615,-1.0,0
C000415,2.8333333333333335,-0.22436787870227076,0.6666666666666666,21,0,0.042857142857142705,-1.0,1
C000416,0.0,0.12794471673639363,0.0,4,0,0.7763975155279503,-1.0,0
C000417,0.0,0.14532656697981472,0.0,4,0,1.0357142857142856,-1.0,0
C000418,5.166666666666667,-0.3363342852155833,0.5,28,0,0.376050420168067,-0.25443786982248523,0
C000419,0.0,0.14304598739561517,0.0,2,0,0.2142857142857144,-0.6865725288831835,0
C000420,0.0,0.10219842116775368,0.0,3,0,0.674107142857143,-0.42490527040992077,0
C000421,0.0,0.8148699986151337,0.0,3,0,0.4423076923076923,-0.6543496271748136,0
C000422,0.0,0.09987765365418108,0.0,4,0,0.7682926829268293,-0.32697262479871175,0
C000423,0.0,0.06385479711586443,0.0,5,0,-0.029900332225913817,-0.8379846256684492,0
C000424,0.0,0.03157207216271583,0.0,2,0,1.0,-1.0,0
C000425,4.166666666666667,-0.35123870788220907,0.3333333333333333,29,0,1.5178571428571428,-1.0,1
C000426,0.0,0.3496488796268218,0.0,4,0,0.5038819875776399,-1.0,0
C000427,4.0,0.06497316373631631,0.16666666666666666,23,0,0.2589285714285714,-0.8806563539106549,1
C000428,3.0,-0.3918491575254756,0.5,29,0,1.7428571428571429,-1.0,0
C000429,0.0,0.9467595389531733,0.0,4,0,0.9553571428571426,-1.0,1
C000430,0.0,0.05418268259163073,0.0,5,0,1.0868347338935571,-1.0,1
C000431,0.0,0.5720772982204335,0.0,3,0,0.6759581881533101,-0.4915267947421638,1
C000432,0.0,0.3999576919341359,0.0,3,0,1.0103174603174603,-1.0,0
C000433,0.0,0.130133519346075,0.0,2,0,0.574344023323615,-0.3586791463044259,0
C000434,4.5,-0.5976817143410834,0.6666666666666666,28,0,1.140625,-0.8720534132715629,0
C000435,2.8333333333333335,-0.2059713815250441,0.5,27,0,0.38095238095238093,0.20993892526033656,0
C000436,0.0,-0.09370206897082382,0.0,2,0,0.6818936877076414,-1.0,1
C000437,4.166666666666667,-0.14641775298566395,0.6666666666666666,23,0,0.2142857142857144,-1.0,1
C000438,1.3333333333333333,0.059191650388403835,0.5,25,0,0.6309523809523809,-1.0,0
C000439,0.0,0.2047109551017256,0.0,4,0,1.174512987012987,-1.0,0
C000440,0.0,0.10862297337919548,0.0,1,0,0.674107142857143,-0.9324210526315789,0
C000441,0.0,0.40894521277390417,0.0,1,0,0.18770764119601324,0.03240030336702118,0
C000442,3.8333333333333335,-0.29211266781875744,0.3333333333333333,38,0,0.6999999999999997,-1.0,1
C000443,0.0,0.7042882458862431,0.0,4,0,0.5144230769230769,-1.0,0
C000444,5.0,-0.08371191403744807,0.3333333333333333,23,0,0.8131868131868134,-1.0,0
C000445,0.0,0.17608611085652345,0.0,2,0,0.33130699088145876,-1.0,0
C000446,0.0,0.1152562842251829,0.0,2,0,1.2468253968253968,-1.0,0
C000447,0.0,0.07769203983058993,0.0,1,0,1.389212827988338,-1.0,0
C000448,0.0,0.22539213606743744,0.0,5,0,0.8343465045592706,-0.7167260933502548,0
C000449,0.0,0.0992162076138488,0.0,3,0,0.7028571428571428,-0.4420120184042048,0
C000450,0.0,0.875162807771945,0.0,3,0,0.7815614617940199,-1.0,0
C000451,0.0,0.282041858134545,0.0,3,0,0.9078947368421051,-0.39262144821264894,1
C000452,0.0,0.20372229661778812,0.0,3,0,0.9863945578231292,-0.8940054153890293,0
C000453,0.0,0.44107464258189877,0.0,2,0,1.29788961038961,-1.0,1
C000454,0.0,0.07389893103778801,0.0,4,0,0.9270186335403723,-1.0,0
C000455,3.0,-0.09932207061924453,0.3333333333333333,29,0,0.2571428571428571,-0.24967073240565768,0
C000456,0.0,0.30490255564081836,0.0,1,0,0.3221884498480241,-1.0,0
C000457,0.0,0.046040941295863835,0.0,2,0,1.678571428571428,-1.0,0
C000458,0.0,-0.014056026624183298,0.0,2,0,0.41836734693877564,-1.0,0
C000459,0.0,0.1982839888751999,0.0,5,0,1.25,-1.0,0
C000460,2.5,-0.31472723639756367,0.8333333333333334,28,0,0.5238095238095237,-0.8740325077399381,1
C000461,0.0,0.09355800200209535,0.0,1,0,1.6607142857142856,-1.0,0
C000462,0.0,0.060361176091352914,0.0,3,0,0.674107142857143,-0.23098825483449995,0
C000463,0.0,0.12382347833376674,0.0,3,0,1.3571428571428572,-1.0,0
C000464,4.0,0.10321187947651789,0.6666666666666666,27,0,0.7984693877551021,-0.636772186280804,1
C000465,3.8333333333333335,0.13262116976632018,0.3333333333333333,33,0,0.5214285714285716,-1.0,0
C000466,2.3333333333333335,0.021405088518876493,0.3333333333333333,29,0,0.6071428571428574,-0.4678137212331741,0
C000467,0.0,0.04381209347425354,0.0,3,0,0.4895833333333335,-0.8402614626752558,1
C000468,3.6666666666666665,-0.23328911882814007,0.6666666666666666,28,0,0.2589285714285714,0.3804177686619528,1
C000469,0.0,0.10134553674456524,0.0,2,0,0.9696048632218843,-0.9639477503628447,0
C000470,0.0,0.019623701165587076,0.0,0,0,0.6369047619047616,-1.0,0
C000471,0.0,0.07601117263968911,0.0,4,0,0.7777777777777777,-0.5747120638923917,0
C000472,2.1666666666666665,0.00111594081007089,0.6666666666666666,26,0,1.3241758241758244,-1.0,1
C000473,0.0,1.0,0.0,3,0,0.6000000000000001,-0.4794160364601593,1
C000474,0.0,0.1341710559059522,0.0,2,0,0.5827922077922074,-0.91432921942619,0
C000475,0.0,0.42703129065447715,0.0,5,0,0.4085365853658538,-0.956993006993007,1
C000476,0.0,0.7503353334505802,0.0,3,0,0.5204081632653061,-0.0369813041495668,0
C000477,0.0,0.16777922957179728,0.0,6,0,0.6136363636363635,-1.0,0
C000478,0.0,1.0,0.0,2,0,0.8367346938775511,-1.0,0
C000479,0.0,0.19569783748497108,0.0,4,0,0.7191283292978208,-0.5086431323544726,0
C000480,3.3333333333333335,-0.018672714953587483,0.5,20,0,1.1785714285714284,-1.0,1
C000481,0.0,0.20870206556687984,0.0,1,0,1.0285714285714285,-1.0,0
C000482,0.0,0.6591043141658068,0.0,4,0,0.5616883116883116,-0.8988102284834852,0
C000483,0.0,0.4414733754546818,0.0,2,0,0.39751552795031064,-1.0,0
C000484,0.0,0.42440265195419924,0.0,5,0,0.29790940766550533,-0.18991088376282855,0
C000485,0.0,1.0,0.0,3,0,1.1105442176870746,-0.9107930506796291,1
C000486,2.8333333333333335,-0.3327948731149807,0.5,21,0,0.5952380952380953,-0.4406740800183423,1
C000487,0.0,0.43778260489334375,0.0,5,0,1.7562499999999996,-1.0,0
C000488,0.0,0.08825389155954795,0.0,3,0,0.15714285714285703,-0.5844151623962175,0
C000489,5.0,-0.31875928249463004,0.6666666666666666,17,0,0.2142857142857142,-0.7196820714519829,1
C000490,0.0,0.26812429674282806,0.0,1,0,0.8860182370820666,-1.0,1
C000491,0.0,0.2696393942041406,0.0,4,0,0.35338345864661647,-1.0,1
C000492,0.0,0.29820467233740383,0.0,4,0,0.39285714285714257,-1.0,1
C000493,2.1666666666666665,0.14506577567894813,0.6666666666666666,28,0,1.895833333333333,-1.0,1
C000494,0.0,1.0,0.0,5,0,0.2810559006211182,-0.3940365501763386,0
C000495,2.5,0.0927968469330709,0.5,22,0,1.1,-0.673695048795774,1
C000496,2.3333333333333335,-0.4426345444250846,0.8333333333333334,21,0,0.7792207792207793,-1.0,1
C000497,0.0,0.21508090484643333,0.0,3,0,0.3904761904761904,-0.7132898451952098,0
C000498,0.0,0.04417138847511774,0.0,2,0,0.33571428571428563,-0.7189235058795005,0
C000499,3.1666666666666665,0.02106650024717319,0.5,36,0,0.9428571428571428,-1.0,1
C000500,5.166666666666667,-0.3502173666848282,0.3333333333333333,18,0,1.0136054421768712,-1.0,1
C000501,0.0,0.541669661137431,0.0,4,0,0.5616883116883116,-1.0,0
C000502,0.0,0.29902402524673294,0.0,3,0,0.5980066445182723,-0.6090142541658301,0
C000503,0.0,0.46190804594785273,0.0,2,0,0.17038690476190488,-0.09200774520932097,0
C000504,0.0,0.15642510739696489,0.0,3,0,1.128571428571429,-0.8686793063677384,0
C000505,0.0,0.09363635156680133,0.0,6,0,0.7738095238095237,-0.27932546185413953,0
C000506,3.8333333333333335,-0.08015417025316603,0.16666666666666666,21,0,-0.20779220779220786,-1.0,1
C000507,0.0,0.1769120945187113,0.0,1,0,1.0549999999999997,-0.8955444381022731,0
C000508,0.0,0.17067380150822975,0.0,4,0,0.4339285714285712,-0.918191081566306,0
C000509,0.0,0.9979148400607304,0.0,3,0,1.089700996677741,-0.8650681235667071,1
C000510,0.0,0.18966631870389702,0.0,5,0,0.48504983388704326,-0.5551398690587535,0
C000511,0.0,-0.047579177233246187,0.0,5,0,0.5104166666666665,-0.54476530713506,0
C000512,0.0,0.5425838958632401,0.0,5,0,0.32785714285714285,-0.9620671700078105,0
C000513,0.0,0.8333458726691827,0.0,2,0,0.9553571428571428,-0.714725486521937,0
C000514,0.0,0.06064433199550036,0.0,3,0,1.6556776556776556,-1.0,1
C000515,0.0,0.15405565276919178,0.0,4,0,1.0243161094224926,-1.0,0
C000516,0.0,0.9759579453474663,0.0,3,0,0.27177700348432055,-1.0,0
C000517,0.0,0.5312131625293373,0.0,5,0,1.2380952380952381,-1.0,0
C000518,0.0,0.5844148878066515,0.0,4,0,0.8586005830903787,-0.7672529264457516,0
C000519,0.0,0.4840303260767308,0.0,1,0,0.6744186046511624,-0.7386003705253092,0
C000520,0.0,0.12958299614267063,0.0,3,0,1.0094339622641506,-1.0,0
C000521,0.0,0.024020087374363,0.0,5,0,0.7380952380952381,-1.0,0
C000522,0.0,0.13312327180448108,0.0,4,0,0.5531914893617018,-1.0,0
C000523,0.0,0.03128437908027406,0.0,2,0,0.6153846153846154,-0.22521653581280504,1
C000524,0.0,0.2099244079167246,0.0,2,0,0.7897727272727275,-1.0,0
C000525,0.0,1.0,0.0,2,0,0.6563706563706564,-1.0,0
C000526,3.1666666666666665,0.05598876049586166,0.16666666666666666,29,0,1.0000000000000004,-0.5182958365658132,0
C000527,0.0,0.05621634686616546,0.0,2,0,1.0816326530612246,-1.0,1
C000528,0.0,0.7653108547255648,0.0,2,0,0.7857142857142856,-0.8882128691901883,0
C000529,2.6666666666666665,-0.42391889268826544,0.6666666666666666,22,0,0.23214285714285698,-1.0,0
C000530,0.0,0.056465608539783385,0.0,1,0,0.45514950166112933,-1.0,0
C000531,0.0,0.8257354204486745,0.0,1,0,1.1428571428571428,-1.0,1
C000532,0.0,0.0570232404156394,0.0,5,0,0.75,-1.0,1
C000533,0.0,0.12950378188240627,0.0,2,0,0.8543956043956042,-1.0,0
C000534,0.0,0.13041800141957474,0.0,3,0,0.4130434782608696,-0.9453467843631778,0
C000535,1.8333333333333333,-0.1727823839745253,0.6666666666666666,32,0,0.37142857142857144,-0.3506582411795682,1
C000536,3.6666666666666665,-0.15771920319213595,0.3333333333333333,21,0,0.8214285714285716,-0.49925967425667295,1
C000537,0.0,0.10578264363039902,0.0,3,0,1.191558441558441,-1.0,0
C000538,0.0,0.24285403405313682,0.0,3,0,0.4456168831168832,-1.0,0
C000539,0.0,0.09985275132544202,0.0,3,0,0.6676384839650145,-0.6259863409958407,0
C000540,0.0,0.04761143311064991,0.0,3,0,1.3911564625850343,-1.0,0
C000541,5.833333333333333,-0.28356474067113197,0.5,21,0,0.5816326530612246,-1.0,0
C000542,3.5,-0.0733855415042779,0.5,27,0,0.612781954887218,-0.9764208368039982,0
C000543,0.0,0.10031344228033844,0.0,4,0,0.6111111111111109,-0.8165059371514793,1
C000544,0.0,0.6530863372285882,0.0,2,0,0.7625,-0.7739289637495423,0
C000545,0.0,-1.0,0.0,2,0,0.0793650793650793,-0.7477488983970879,1
C000546,0.0,0.08573237271384783,0.0,3,0,1.1038205980066444,-0.957942332190982,1
C000547,0.0,0.769428960179163,0.0,2,0,0.9955357142857146,-0.48089687807666653,0
C000548,0.0,-0.021820607200997818,0.0,2,0,0.753246753246753,-0.17905922849789202,0
C000549,1.0,-0.2213956762788739,0.16666666666666666,23,0,0.8907563025210083,-1.0,1
C000550,0.0,0.03160310090130967,0.0,6,0,0.7410714285714284,-1.0,0
C000551,0.0,0.10298564603523216,0.0,2,0,0.8313953488372094,-1.0,0
C000552,0.0,0.6518174972553257,0.0,2,0,0.5144230769230769,-0.9827403314917127,0
C000553,0.0,0.09772285573101201,0.0,5,0,0.6246498599439774,-0.5678121841404025,1
C000554,2.8333333333333335,-0.20139523854334251,0.5,36,0,0.7023809523809521,-0.9818589264752962,0
C000555,0.0,0.712036271430178,0.0,2,0,0.6865079365079365,-1.0,1
C000556,3.5,-0.07552284793632479,0.5,24,0,0.8529411764705883,-1.0,1
C000557,0.0,0.0031444815573387374,0.0,4,0,1.125,-1.0,1
C000558,0.0,0.344911720244268,0.0,3,0,0.34954407294832834,-1.0,0
C000559,3.3333333333333335,-0.5446942753725991,0.3333333333333333,22,0,-0.22619047619047639,-0.15868639772957632,1
C000560,0.0,0.1507608858662074,0.0,2,0,0.717857142857143,-1.0,0
C000561,0.0,0.9006345423840789,0.0,3,0,0.5269841269841271,-1.0,0
C000562,3.8333333333333335,-0.05026940643828764,0.16666666666666666,26,0,0.05263157894736836,-1.0,1
C000563,0.0,0.02869721515330027,0.0,2,0,0.6581632653061222,-0.9324239030845973,1
C000564,0.0,-0.05309864702177786,0.0,5,0,1.0495626822157433,-1.0,0
C000565,0.0,0.6335293914208027,0.0,1,0,0.8262987012987011,-0.20655092178270987,0
C000566,0.0,0.12609203080026485,0.0,3,0,0.8961038961038961,-1.0,0
C000567,4.0,-0.16937142833947802,0.3333333333333333,22,0,0.6785714285714286,-1.0,0
C000568,0.0,0.08730522228107085,0.0,3,0,0.5365853658536586,-1.0,0
C000569,0.0,0.105451880460318,0.0,2,0,0.5652173913043479,-0.5644254005645473,0
C000570,0.0,0.11455098912812467,0.0,3,0,0.7020408163265306,-1.0,0
C000571,3.1666666666666665,-0.5163887459835389,0.5,36,0,0.7994505494505493,-1.0,1
C000572,3.3333333333333335,-0.3010885990262202,0.5,22,0,1.4107142857142856,-1.0,0
C000573,4.5,0.1203936746706358,0.6666666666666666,26,0,1.1353383458646618,-1.0,0
C000574,0.0,0.06606446285138236,0.0,3,0,0.6869747899159664,-1.0,1
C000575,0.0,0.18435096159868705,0.0,3,0,1.0422077922077921,-1.0,0
C000576,0.0,0.6093771757410338,0.0,3,0,0.18681318681318682,-1.0,0
C000577,0.0,0.257536387488944,0.0,5,0,0.27251552795031064,-0.43820358096745476,0
C000578,0.0,0.22319300222114336,0.0,2,0,0.8115501519756843,-0.9085804081066716,0
C000579,2.5,-0.0813470097261266,0.5,28,0,1.0192307692307692,-1.0,1
C000580,3.5,0.11478267816720909,0.6666666666666666,26,0,0.9736842105263159,-1.0,1
C000581,0.0,0.22235348897703644,0.0,4,0,0.5584415584415583,-0.592895559724828,1
C000582,4.666666666666667,-0.13833536801937357,0.3333333333333333,33,0,1.0902255639097747,-1.0,0
C000583,5.166666666666667,-0.10866858847911388,0.16666666666666666,20,0,0.5357142857142856,-1.0,1
C000584,0.0,0.027801082021179136,0.0,4,0,0.2790697674418605,-0.7556671268984562,0
C000585,0.0,0.12383186870998376,0.0,2,0,0.574344023323615,-0.8734654717515972,1
C000586,4.5,-0.13292095851532063,0.5,28,0,1.2656249999999996,-0.2962477899286229,1
C000587,0.0,0.1807454339826475,0.0,3,0,0.17694805194805174,-0.9025907296230191,1
C000588,0.0,0.07010097331788678,0.0,5,0,0.7532467532467528,-1.0,1
C000589,0.0,0.28018126263761794,0.0,2,0,0.9480519480519478,-0.9118793753365644,0
C000590,0.0,0.19859668254095553,0.0,3,0,0.6071428571428572,-0.4461684811330726,0
C000591,0.0,0.9081841131759997,0.0,4,0,0.96984126984127,-1.0,0
C000592,0.0,0.18917791011341953,0.0,4,0,0.807277628032345,-1.0,0
C000593,0.0,0.1697942022399678,0.0,1,0,0.873315363881402,-1.0,0
C000594,3.0,-0.3915382356390434,0.6666666666666666,30,0,0.5934065934065933,-1.0,0
C000595,0.0,0.5290415234945723,0.0,3,0,0.8367346938775511,-0.8583219245061607,1
C000596,0.0,-0.05294516873334771,0.0,5,0,1.0277777777777777,-1.0,0
C000597,0.0,0.05355612659111118,0.0,4,0,0.421875,-0.6512572397231248,1
C000598,0.0,0.20799860282097218,0.0,2,0,0.5714285714285714,-1.0,0
C000599,0.0,0.5482057849238017,0.0,4,0,0.4339285714285712,-0.6011409443436034,1
C000600,3.8333333333333335,-0.2546789219449823,0.3333333333333333,28,0,0.6764705882352944,-1.0,1
C000601,3.3333333333333335,0.04440790356367223,0.5,32,0,0.9852941176470589,-1.0,1
C000602,2.6666666666666665,-0.05042619955281101,0.6666666666666666,27,0,0.3492063492063491,-1.0,0
C000603,4.666666666666667,0.18593966413255641,0.5,32,0,0.6190476190476191,-1.0,0
C000604,0.0,0.052357705022775654,0.0,2,0,0.421282798833819,-1.0,1
C000605,3.6666666666666665,0.029396895759184135,0.16666666666666666,25,0,0.9736842105263159,-0.2177175612298072,0
C000606,2.5,-0.5652915256445565,0.3333333333333333,24,0,0.7380952380952379,-0.45370786516853934,0
C000607,4.166666666666667,0.040736244849995676,0.6666666666666666,18,0,0.4174107142857144,-0.1151957658461931,1
C000608,0.0,0.11328512241607007,0.0,2,0,0.6547619047619049,-1.0,0
C000609,2.5,0.019812126902120118,0.5,26,0,0.09774436090225547,-0.8449115483999204,1
C000610,0.0,0.15468702286733996,0.0,4,0,0.9270186335403723,-0.9644832134015132,0
C000611,0.0,0.006972251446584027,0.0,3,0,0.8343465045592706,-1.0,0
C000612,0.0,-0.01570592759345439,0.0,5,0,0.5204081632653061,-1.0,0
C000613,0.0,0.15351159234644424,0.0,3,0,0.4412202380952379,-1.0,0
C000614,0.0,0.10818924287325016,0.0,2,0,0.7259475218658893,-1.0,0
C000615,0.0,0.9602801427708875,0.0,1,0,0.28773584905660377,-0.8223796454268971,1
C000616,0.0,0.10749654289240548,0.0,1,0,1.0048076923076925,-0.9578608714851204,0
C000617,0.0,0.17857943559990866,0.0,3,0,0.10526315789473673,-0.547178281316802,0
C000618,0.0,0.2306809150785777,0.0,2,0,0.4629120879120878,-1.0,0
C000619,0.0,0.8632844282622921,0.0,4,0,0.5470383275261324,-1.0,0
C000620,0.0,0.25325489561052233,0.0,1,0,0.9696048632218843,-1.0,1
C000621,0.0,0.10691302614963276,0.0,2,0,0.45999999999999974,-1.0,0
C000622,3.6666666666666665,-0.6991415066955325,0.16666666666666666,29,0,0.875,-0.5710673064453379,0
C000623,4.166666666666667,-0.06509941155421434,0.5,26,0,0.5357142857142858,-0.9199702675916749,0
C000624,0.0,0.7556616613910451,0.0,4,0,0.5144230769230769,-1.0,1
C000625,0.0,0.14705449672845497,0.0,1,0,1.4886363636363638,-1.0,0
C000626,4.333333333333333,-0.2277988227976865,0.6666666666666666,18,0,0.1964285714285714,-1.0,1
C000627,0.0,0.20177608355480112,0.0,3,0,0.5089285714285712,-1.0,0
C000628,0.0,0.13125156577931504,0.0,4,0,0.7492711370262388,-1.0,0
C000629,0.0,0.15769678336806706,0.0,4,0,0.421875,-0.494663225642006,0
C000630,0.0,0.014265778538111092,0.0,2,0,0.5319148936170213,-1.0,0
C000631,0.0,0.06854962771555712,0.0,2,0,0.510204081632653,-0.3552481342357399,0
C000632,0.0,-0.015127048005013292,0.0,2,0,0.7380952380952381,-1.0,0
C000633,0.0,0.18707139235671189,0.0,2,0,1.0192307692307696,-1.0,1
C000634,0.0,0.13065343988894598,0.0,4,0,1.406593406593406,-1.0,1
C000635,0.0,0.25720944991790956,0.0,2,0,0.773809523809524,-1.0,0
C000636,0.0,0.18937136618945438,0.0,3,0,0.8620689655172413,-0.7372166091670774,0
C000637,0.0,0.20486741207272668,0.0,3,0,0.541545189504373,-1.0,1
C000638,0.0,0.41611203008977216,0.0,5,0,1.1029411764705879,-0.904131209077143,1
C000639,0.0,1.0,0.0,4,0,0.8064784053156142,-0.012144853835341682,1
C000640,0.0,0.15250326803322742,0.0,4,0,0.6129032258064517,-0.45946237719961136,0
C000641,1.8333333333333333,-0.4010009891089643,0.6666666666666666,23,0,0.8025210084033614,-1.0,0
C000642,0.0,0.047998202658620266,0.0,2,0,0.23214285714285676,-0.7813328707031153,0
C000643,0.0,0.6500697613757627,0.0,4,0,0.9968253968253971,-0.6619298367973218,1
C000644,4.333333333333333,-0.40946833906526475,0.6666666666666666,28,0,0.3492063492063491,-1.0,0
C000645,2.1666666666666665,0.02616598555206435,0.5,22,0,0.6309523809523809,-1.0,1
C000646,3.6666666666666665,-0.12445819097103182,0.3333333333333333,25,0,0.2053571428571428,-1.0,1
C000647,0.0,0.28582289904309505,0.0,3,0,0.421282798833819,-0.5928224202695735,0
C000648,0.0,0.25049659853409845,0.0,6,0,0.8503401360544216,-0.9075406663844712,0
C000649,0.0,0.28572729870479124,0.0,2,0,1.0243161094224926,-1.0,1
C000650,1.6666666666666667,0.058011515326051435,0.3333333333333333,23,0,0.96875,-0.15655286122169945,1
C000651,5.666666666666667,-0.31923445912883724,0.6666666666666666,27,0,0.7032967032967032,-0.08411936900308993,1
C000652,0.0,0.291126462385015,0.0,4,0,0.6685714285714284,-1.0,1
C000653,2.1666666666666665,0.06071056711526312,0.6666666666666666,28,0,0.7899159663865547,-1.0,1
C000654,3.0,0.1474839514430636,0.6666666666666666,30,0,0.3626373626373627,-0.7766657134686874,1
C000655,5.166666666666667,-0.22219950087699095,1.0,30,0,0.5513392857142858,-0.17373488027647493,1
C000656,0.0,0.12299181417530976,0.0,3,0,1.25,-1.0,0
C000657,0.0,0.29694996170804305,0.0,3,0,0.875,-0.6859804012203014,0
C000658,0.0,0.9413149111255594,0.0,1,0,0.5525606469002693,-1.0,1
C000659,0.0,0.19053574754649188,0.0,4,0,0.9800664451827243,-0.7375279512684093,0
C000660,0.0,0.07892254688677071,0.0,2,0,0.49501661129568086,-1.0,1
C000661,0.0,0.04954512839497638,0.0,2,0,1.0069686411149825,-0.09915886967205369,0
C000662,0.0,0.05314555695519012,0.0,3,0,0.40000000000000013,-0.4201095735291669,0
C000663,0.0,0.1426345781749573,0.0,3,0,1.2340425531914896,-0.9060887314180082,1
C000664,0.0,-0.0231122803137727,0.0,1,0,0.6537267080745341,-1.0,0
C000665,3.5,-0.3968836923990688,0.6666666666666666,31,0,0.9093406593406597,-0.9730363423212193,0
C000666,0.0,0.11515245095736343,0.0,1,0,0.6869300911854104,-1.0,0
C000667,0.0,0.7638927279950074,0.0,2,0,0.6685714285714284,-1.0,1
C000668,3.6666666666666665,-0.23876021113778872,0.5,30,0,0.4600840336134453,-1.0,0
C000669,4.166666666666667,-0.27187340564711826,0.5,24,0,0.7272727272727273,-1.0,1
C000670,0.0,0.1955217944667717,0.0,1,0,0.40384615384615374,-0.27128916281458654,1
C000671,0.0,0.4201530472503972,0.0,4,0,0.6537267080745341,-1.0,0
C000672,1.0,-0.12893002357249275,0.16666666666666666,28,0,0.9857142857142858,-0.98759521218716,0
C000673,3.1666666666666665,0.06178809243594931,0.3333333333333333,29,0,0.9849624060150381,-1.0,0
C000674,4.333333333333333,0.03520307096365034,0.6666666666666666,29,0,0.8214285714285716,-1.0,1
C000675,0.0,0.33069347717754644,0.0,2,0,0.7142857142857142,-1.0,0
C000676,3.8333333333333335,-0.16056806549038607,0.6666666666666666,24,0,0.6183035714285712,-0.9823465507876155,0
C000677,0.0,0.303656435797683,0.0,2,0,0.7380952380952381,-0.9745660246998877,0
C000678,4.166666666666667,-0.03154300209981053,0.8333333333333334,30,0,1.4333333333333331,-1.0,0
C000679,0.0,0.2294686363590685,0.0,4,0,0.8622448979591837,-1.0,1
C000680,0.0,0.004270745899768114,0.0,0,0,0.7888198757763976,-1.0,0
C000681,0.0,0.5895604586138925,0.0,2,0,1.486842105263158,-1.0,1
C000682,4.0,-0.20253557600782737,0.3333333333333333,31,0,0.1507936507936507,-0.23570810498990483,1
C000683,0.0,0.1955344604880906,0.0,4,0,0.42000000000000015,-0.5423269904383224,1
C000684,0.0,0.20932395313279206,0.0,3,0,0.6640211640211642,-1.0,0
C000685,0.0,0.0606468205614561,0.0,5,0,0.43322981366459623,-0.813646218594567,0
C000686,4.833333333333333,-0.4289409909915526,0.6666666666666666,33,0,1.2747252747252746,-1.0,1
C000687,5.0,-0.11095023259947905,0.3333333333333333,25,0,1.1428571428571428,-0.513065755764304,1
C000688,0.0,0.3476831714379062,0.0,2,0,0.4285714285714286,-0.3576587543112193,0
C000689,0.0,0.18468366346124768,0.0,3,0,0.6986062717770036,-1.0,0
C000690,2.0,0.05695847998397406,0.6666666666666666,30,0,1.3214285714285712,-1.0,0
C000691,0.0,0.16851909186048486,0.0,1,0,0.5038819875776399,-0.757734195788299,0
C000692,0.0,0.10236475708743335,0.0,2,0,0.3788819875776397,-0.642983020978073,0
C000693,0.0,0.2727417107546989,0.0,3,0,0.7466931216931221,-1.0,0
C000694,0.0,0.3037058492564574,0.0,3,0,1.3833333333333337,-1.0,1
C000695,3.0,0.15392565143974962,0.5,30,0,0.8681318681318679,-1.0,1
C000696,0.0,0.524727242049992,0.0,3,0,1.6315789473684212,-1.0,0
C000697,3.6666666666666665,-0.3772028964796043,0.6666666666666666,31,0,0.11111111111111116,-0.833725061492211,1
C000698,0.0,-0.016628814774209532,0.0,3,0,0.125,-1.0,0
C000699,0.0,0.0698344233019382,0.0,3,0,0.38338192419825057,-0.7954450383453404,0
C000700,2.0,0.01351643624820438,0.8333333333333334,27,0,1.4464285714285712,-0.8091820151679306,1
C000701,0.0,0.04434033412602632,0.0,2,0,0.8973214285714288,-1.0,0
C000702,0.0,0.1053183101940899,0.0,5,0,0.18253968253968256,-0.20036244425892366,1
C000703,0.0,0.43553504403326176,0.0,3,0,0.8506493506493504,-1.0,0
C000704,2.1666666666666665,-0.14378309320437577,0.5,31,0,0.8367346938775511,-0.9651379115101513,0
C000705,0.0,-0.027885664891209635,0.0,1,0,1.164420485175202,-1.0,1
C000706,0.0,0.13431566531887829,0.0,4,0,0.25210084033613445,-0.5910146749378297,0
C000707,0.0,0.18337806687226405,0.0,2,0,0.6640211640211642,-1.0,0
C000708,0.0,0.08353873451345939,0.0,2,0,0.1933797909407664,-0.8607450789002765,0
C000709,3.6666666666666665,0.17674772763831084,0.3333333333333333,23,0,0.38888888888888906,-1.0,0
C000710,3.1666666666666665,-0.2986235198663358,0.3333333333333333,25,0,0.2100840336134453,-0.427134579643599,1
C000711,0.0,0.19103597968075642,0.0,0,0,1.422619047619048,-1.0,0
C000712,1.5,0.016927760255214128,0.16666666666666666,32,0,1.1275510204081636,-0.8570774163994503,1
C000713,2.5,-0.04973868918447072,0.3333333333333333,26,0,0.6183035714285712,-1.0,1
C000714,3.3333333333333335,-0.24190288594056003,0.8333333333333334,28,0,0.888392857142857,-1.0,1
C000715,0.0,0.20046872182615688,0.0,3,0,0.2857142857142856,-0.7171494785631518,0
C000716,0.0,0.13526902284758305,0.0,4,0,0.7380952380952379,-1.0,1
C000717,0.0,0.041924626246967356,0.0,2,0,0.3877551020408161,0.18101185928312793,0
C000718,3.1666666666666665,-0.06775826560206481,0.3333333333333333,24,0,0.640625,-1.0,0
C000719,0.0,0.07969139049680726,0.0,4,0,0.8237082066869301,-1.0,0
C000720,0.0,0.2882571975226897,0.0,5,0,1.5037593984962405,-1.0,0
C000721,0.0,0.14123789388070193,0.0,4,0,0.23214285714285676,-1.0,0
C000722,0.0,1.0,0.0,2,0,0.5507518796992483,-0.902866344605475,1
C000723,0.0,0.6567893579072898,0.0,4,0,0.6086956521739129,-0.44732057416267945,0
C000724,0.0,0.04960647004272791,0.0,3,0,0.2362637362637363,-1.0,1
C000725,0.0,0.16170238020567157,0.0,3,0,0.7500000000000002,-1.0,0
C000726,0.0,0.09257264352659188,0.0,1,0,0.5077220077220077,-0.6358036675550222,0
C000727,0.0,0.24728418186689213,0.0,2,0,0.8482142857142856,-0.6865381083562901,0
C000728,0.0,0.162254934366152,0.0,3,0,0.5642857142857141,-1.0,0
C000729,0.0,0.2202162736824586,0.0,3,0,0.6571428571428573,-0.8207458414236243,0
C000730,0.0,0.16088312435980723,0.0,3,0,0.8701298701298701,-0.2789523441192901,0
C000731,0.0,0.031994181897319236,0.0,3,0,0.7926829268292683,-1.0,0
C000732,4.833333333333333,-0.39798692116535206,0.16666666666666666,33,0,0.6233766233766236,-0.8050639342874079,0
C000733,0.0,0.13147641160728016,0.0,4,0,0.7142857142857144,-1.0,0
C000734,0.0,0.058754819844625966,0.0,5,0,0.6801948051948048,-1.0,0
C000735,0.0,0.6773803268090524,0.0,3,0,0.8900000000000001,-1.0,0
C000736,0.0,0.1385907690923819,0.0,2,0,0.8956043956043955,-0.5533212315609524,0
C000737,0.0,0.1050648120787682,0.0,3,0,0.14030612244897966,-0.9317566246893586,0
C000738,0.0,0.9578628490384896,0.0,2,0,0.5714285714285714,-0.41462784842811956,0
C000739,3.0,-0.08658986933280947,0.5,25,0,0.2857142857142856,-1.0,1
C000740,4.666666666666667,-0.22342338065611636,0.6666666666666666,33,0,0.7394957983193273,-1.0,1
C000741,0.0,0.22686254327486907,0.0,2,0,0.7619047619047621,-1.0,0
C000742,0.0,0.26013431886852906,0.0,2,0,0.9559270516717324,-0.9174315294808724,0
C000743,0.0,0.1282561497638851,0.0,3,0,1.1105442176870746,-1.0,0
C000744,3.8333333333333335,-0.40144559026667,0.6666666666666666,24,0,1.4821428571428572,-1.0,0
C000745,0.0,0.01764530527009642,0.0,3,0,0.4339285714285712,-0.9901214693399678,0
C000746,3.8333333333333335,-0.16680452366225326,0.5,30,0,0.7380952380952379,-1.0,1
C000747,4.0,-0.09365243871910435,0.3333333333333333,22,0,0.267857142857143,-0.2954238356904783,1
C000748,4.666666666666667,-0.2886687019752908,0.8333333333333334,32,0,0.6071428571428572,-0.6108984108669429,1
C000749,4.0,-0.2963368157325774,0.5,33,0,0.4591836734693877,-1.0,1
C000750,0.0,0.1035830965973463,0.0,2,0,0.5872093023255816,-1.0,1
C000751,0.0,1.0,0.0,2,0,1.2619047619047619,-1.0,0
C000752,0.0,0.297271733737858,0.0,2,0,0.9159663865546219,-1.0,0
C000753,0.0,0.48999413012351656,0.0,4,0,0.5441176470588236,-1.0,1
C000754,0.0,0.5785469384451833,0.0,3,0,1.1865079365079363,-1.0,0
C000755,0.0,0.0988268603965238,0.0,3,0,0.8438538205980066,-1.0,1
C000756,3.3333333333333335,-0.386516548443121,0.3333333333333333,24,0,0.7857142857142858,-1.0,0
C000757,0.0,0.05460653730241833,0.0,4,0,0.5957446808510638,-0.3163566293633736,0
C000758,0.0,0.25866308800886534,0.0,3,0,0.6302910052910053,-1.0,0
C000759,2.6666666666666665,-0.46199847943372063,0.6666666666666666,31,0,1.4499999999999997,-1.0,0
C000760,3.0,-0.2258588643215194,0.3333333333333333,18,0,1.0476190476190474,-1.0,0
C000761,0.0,-0.014658584818256779,0.0,1,0,0.8385093167701863,-0.8347086823671247,0
C000762,0.0,0.15058146886247853,0.0,2,0,0.6088039867109636,-1.0,0
C000763,0.0,0.08514853943912945,0.0,6,0,0.7857142857142858,-1.0,0
C000764,0.0,0.16765924143673752,0.0,4,0,0.6989795918367347,-1.0,0
C000765,3.8333333333333335,-0.3896147297493335,0.5,25,0,0.9791666666666667,-0.40652331481034065,1
C000766,0.0,0.49579156326535095,0.0,3,0,0.6320598006644518,-1.0,0
C000767,0.0,0.08725123469715149,0.0,3,0,0.5857142857142859,-0.6074072189860861,0
C000768,0.0,0.049706182761000785,0.0,3,0,0.4422492401215803,-1.0,0
C000769,0.0,0.8299495556174792,0.0,2,0,0.33035714285714257,-0.8196951385910881,0
C000770,0.0,0.06253971710476112,0.0,3,0,0.9342105263157894,-1.0,0
C000771,4.833333333333333,-0.42060640635076657,0.3333333333333333,29,0,0.9444444444444446,-1.0,1
C000772,0.0,0.12640787446534799,0.0,5,0,0.4521276595744683,-0.09247091617601047,0
C000773,2.8333333333333335,-0.12366116974303253,0.16666666666666666,21,0,0.3904761904761902,-1.0,0
C000774,0.0,0.025420329126906255,0.0,3,0,0.31868131868131866,-0.12409017586654601,0
C000775,0.0,0.025573735756134666,0.0,2,0,0.9736842105263159,-1.0,1
C000776,0.0,0.056983808325318755,0.0,2,0,0.6483516483516483,-0.3681706865871492,0
C000777,0.0,-0.1183789413851858,0.0,4,0,0.4095238095238096,-0.7786934140467932,1
C000778,0.0,0.19693329310902657,0.0,4,0,0.8622448979591832,-1.0,1
C000779,0.0,0.21990474028348617,0.0,4,0,0.9151785714285714,-1.0,0
C000780,0.0,0.2074931664306726,0.0,3,0,0.36129568106312293,-0.6351139993391343,0
C000781,0.0,0.05597255870768092,0.0,4,0,0.4908424908424909,0.059562633469631004,0
C000782,4.833333333333333,-0.18733153041950465,0.5,19,0,1.0054945054945055,-1.0,0
C000783,0.0,0.14873083468526255,0.0,5,0,0.6428571428571426,-0.7335770630568318,1
C000784,0.0,0.11477506972607861,0.0,2,0,1.0943396226415096,-0.24716051864508995,0
C000785,0.0,0.23289052685835948,0.0,3,0,0.726190476190476,-1.0,0
C000786,0.0,0.1416403647405029,0.0,1,0,0.38338192419825057,-0.5783323360670163,0
C000787,5.666666666666667,-0.18149345056014032,0.5,30,0,1.557692307692308,-1.0,1
C000788,4.833333333333333,-0.35627324995090226,0.6666666666666666,30,0,0.6353383458646615,-0.17997885428681276,1
C000789,0.0,0.2389925866228698,0.0,2,0,0.3638392857142858,-0.838283909804115,0
C000790,2.6666666666666665,0.18488841263006645,0.3333333333333333,33,0,0.12087912087912067,-0.6451180910640371,1
C000791,3.3333333333333335,-0.3980779397274354,0.5,33,0,1.0555555555555554,-0.91111333300005,0
C000792,0.0,0.28307210953966966,0.0,6,0,0.6625615763546797,-1.0,1
C000793,0.0,0.05903066448148225,0.0,2,0,1.0766550522648082,-1.0,0
C000794,0.0,0.08655672708712471,0.0,5,0,0.5,-0.7685570839993696,1
C000795,0.0,1.0,0.0,4,0,0.9571428571428571,-0.731332504112667,0
C000796,0.0,0.1303271619610488,0.0,2,0,0.4591836734693877,-0.5034187675657535,0
C000797,0.0,0.7922748797712073,0.0,3,0,0.6180758017492711,-0.38111593036720115,0
C000798,0.0,0.05262613986213231,0.0,4,0,0.6770186335403727,-1.0,1
C000799,0.0,0.10488689257168426,0.0,3,0,1.0,-1.0,0
C000800,0.0,0.04152234978003388,0.0,4,0,0.30952380952380953,-0.6354014211475236,1
C000801,0.0,0.23314552719933082,0.0,3,0,0.42207792207792205,-1.0,0
C000802,0.0,0.08698672367850491,0.0,4,0,0.9780219780219781,-1.0,0
C000803,0.0,0.06597103770854704,0.0,2,0,0.6263736263736264,-1.0,0
C000804,0.0,0.8148088987866725,0.0,3,0,0.6428571428571423,-0.5569244393509234,0
C000805,3.6666666666666665,0.024450698406854567,0.3333333333333333,27,0,0.568877551020408,0.050749112323547244,1
C000806,0.0,0.1106277127576215,0.0,2,0,1.096273291925466,-1.0,0
C000807,0.0,0.14304191848968706,0.0,2,0,1.3701298701298703,-1.0,0
C000808,0.0,0.4837438325866978,0.0,3,0,0.6641337386018233,-1.0,0
C000809,0.0,0.11960022406523961,0.0,5,0,0.017421602787456303,-1.0,0
C000810,0.0,0.1464213812693932,0.0,3,0,0.294642857142857,-1.0,0
C000811,0.0,0.012259694020714236,0.0,3,0,1.0147058823529411,-1.0,0
C000812,0.0,0.05643925346477934,0.0,3,0,1.25,-1.0,0
C000813,0.0,0.46884934856217864,0.0,3,0,0.5441176470588236,-1.0,0
C000814,0.0,0.07445472566354604,0.0,2,0,0.5918367346938778,-1.0,0
C000815,0.0,0.23534131420619114,0.0,2,0,0.7209302325581395,-1.0,0
C000816,0.0,-0.007462459710415561,0.0,3,0,0.6914285714285715,-1.0,0
C000817,0.0,0.09446503444244995,0.0,4,0,0.6395348837209303,-1.0,0
C000818,0.0,0.16692046663060311,0.0,3,0,0.3278388278388278,-0.34263451616299884,0
C000819,0.0,0.7162633428125447,0.0,2,0,0.341614906832298,0.24550168932191405,0
C000820,4.833333333333333,0.17392328468829385,0.5,24,0,0.5000000000000002,-0.43048143053645116,0
C000821,0.0,0.03695265118929032,0.0,4,0,1.0428571428571427,-1.0,0
C000822,0.0,0.18210631002360436,0.0,3,0,0.5,-1.0,0
C000823,0.0,0.05441304848299875,0.0,2,0,0.059253246753246724,-0.7310700408488592,0
C000824,0.0,0.1490116426206797,0.0,3,0,0.7993920972644377,-1.0,1
C000825,0.0,0.06748941241609793,0.0,3,0,0.3214285714285714,-0.9368332244720227,0
C000826,0.0,0.1791639108410269,0.0,2,0,1.098214285714286,-1.0,0
C000827,0.0,0.19067153865398953,0.0,1,0,0.5336134453781511,-1.0,0
C000828,0.0,0.27475857534159354,0.0,5,0,0.5434782608695652,-0.8446108263933376,0
C000829,2.5,-0.12994042886773668,0.6666666666666666,32,0,0.8303571428571428,-0.21670156735833493,0
C000830,4.333333333333333,-0.19519000577554804,0.3333333333333333,30,0,0.5736607142857142,-0.5803060640732265,1
C000831,0.0,0.1731731540686161,0.0,3,0,0.7471804511278195,-0.7179475608105059,0
C000832,0.0,0.17269924120695113,0.0,2,0,0.622727272727273,-0.7552667298860192,0
C000833,0.0,0.08405178022744268,0.0,3,0,0.9841269841269842,-1.0,0
C000834,0.0,0.04313705321527678,0.0,4,0,0.7142857142857142,-1.0,0
C000835,0.0,0.20090848749518858,0.0,3,0,0.37037037037037046,-1.0,0
C000836,0.0,0.07421141767033348,0.0,4,0,1.1656534954407296,-1.0,0
C000837,4.5,-0.4149234767858423,0.6666666666666666,32,0,1.1964285714285712,-0.984807121661721,1
C000838,0.0,0.13201325333222427,0.0,5,0,0.9118541033434653,-0.8198946251373038,1
C000839,0.0,0.06765481414557391,0.0,3,0,0.7515527950310559,-1.0,0
C000840,0.0,0.256869851028817,0.0,4,0,0.6813186813186811,-1.0,0
C000841,0.0,0.3426689687347349,0.0,1,0,0.5,-0.9762597119360261,0
C000842,2.8333333333333335,-0.41785328308693614,0.5,27,0,0.2100840336134453,-1.0,0
C000843,0.0,0.2615353703945365,0.0,4,0,0.7259475218658893,-1.0,1
C000844,0.0,0.34167842171194057,0.0,3,0,1.0085714285714285,-1.0,0
C000845,0.0,0.02523677130816912,0.0,3,0,0.13354037267080732,-0.17506527158870067,0
C000846,0.0,0.07255380119061312,0.0,3,0,0.8642857142857143,-1.0,0
C000847,0.0,0.10417455325476237,0.0,2,0,0.75,-1.0,0
C000848,0.0,0.1569638550118492,0.0,3,0,0.8269230769230769,-0.8948665297741273,0
C000849,0.0,0.05360460015478091,0.0,2,0,0.5616883116883116,-1.0,0
C000850,0.0,0.5526220015494611,0.0,3,0,0.6914285714285715,-0.7654993763791614,0
C000851,0.0,1.0,0.0,3,0,0.40037593984962405,-1.0,1
C000852,0.0,0.20164810734555882,0.0,4,0,1.3174603174603177,-1.0,0
C000853,0.0,0.12831953909521185,0.0,2,0,0.582046332046332,-0.5023375509328758,1
C000854,0.0,0.026067667359031488,0.0,4,0,1.5107142857142861,-1.0,1
C000855,0.0,0.19002793586314745,0.0,3,0,1.0346638655462188,-0.4962170389935981,0
C000856,0.0,0.13994541874015926,0.0,5,0,0.23968253968253972,-0.7546851574212894,0
C000857,0.0,0.5799473449625548,0.0,2,0,0.5441176470588236,-0.3800458370276193,0
C000858,0.0,0.31600084135380635,0.0,2,0,0.519736842105263,-0.9224324714719052,0
C000859,0.0,-0.0765653377341322,0.0,2,0,0.1785714285714286,-0.792202067399881,1
C000860,0.0,0.2509914954623361,0.0,3,0,0.4323708206686927,-1.0,0
C000861,0.0,0.8997053277577657,0.0,3,0,0.7345013477088951,-1.0,1
C000862,0.0,0.11394462711222551,0.0,4,0,1.5540540540540544,-1.0,0
C000863,0.0,0.07137168567532944,0.0,2,0,0.773809523809524,-1.0,0
C000864,0.0,-0.055352996135314185,0.0,2,0,0.6869300911854104,-0.8774804296377208,0
C000865,2.5,-0.13286823654875915,0.8333333333333334,25,0,0.25,-1.0,0
C000866,6.166666666666667,-0.001804888413047828,0.6666666666666666,30,0,1.0666666666666669,-0.6428110517979703,1
C000867,0.0,0.14386266943469758,0.0,3,0,0.6744186046511624,-0.516139637140685,0
C000868,0.0,0.09883584103216969,0.0,3,0,0.900921658986175,-1.0,0
C000869,0.0,0.1365094611204303,0.0,4,0,0.8720238095238095,-1.0,0
C000870,0.0,0.07102274798609749,0.0,3,0,0.1351351351351353,-0.4341593873860007,0
C000871,0.0,0.1452404809098762,0.0,2,0,1.157335907335907,-1.0,0
C000872,3.3333333333333335,-0.3112277849443934,0.5,26,0,0.5494505494505497,-1.0,1
C000873,0.0,0.05852567168224307,0.0,2,0,0.8622448979591837,-0.8742461950799273,1
C000874,2.6666666666666665,-0.21217545246847488,0.8333333333333334,25,0,1.1734693877551021,-1.0,0
C000875,3.0,-0.2018438521666174,0.5,33,0,0.8269230769230771,-0.36572077185017027,0
C000876,1.6666666666666667,0.015102159345886244,0.3333333333333333,25,0,0.2666666666666666,-0.962139534883721,1
C000877,0.0,0.22465279481765296,0.0,4,0,0.75,-1.0,0
C000878,0.0,0.20135309972731047,0.0,0,0,0.44047619047619047,-0.4303228170703268,0
C000879,0.0,0.05572588022173055,0.0,5,0,0.8214285714285714,-0.6504217625342875,0
C000880,0.0,0.03157995087543949,0.0,5,0,0.8723544973544977,-0.30882104649199554,0
C000881,0.0,0.030790024842237633,0.0,4,0,1.125,-1.0,0
C000882,0.0,0.07218408558554097,0.0,4,0,0.7738095238095237,-1.0,0
C000883,0.0,0.6169278323856159,0.0,3,0,0.5956873315363882,-0.6294153383284635,0
C000884,0.0,0.06406992640791766,0.0,3,0,0.5507518796992483,-1.0,0
C000885,0.0,0.10464861811734014,0.0,3,0,1.3411078717201161,-1.0,0
C000886,0.0,-0.006137579730434786,0.0,4,0,0.44897959183673475,-0.8824059608220166,0
C000887,0.0,0.13413715227768896,0.0,3,0,0.9642857142857142,-0.40585347936423133,0
C000888,0.0,0.1305596335401934,0.0,4,0,0.6818181818181819,-1.0,0
C000889,5.5,-0.3137344659025066,0.3333333333333333,33,0,1.175824175824176,-1.0,0
C000890,0.0,0.13510655821910175,0.0,2,0,1.0263975155279503,-0.8545062542980875,1
C000891,0.0,0.2800827060784971,0.0,3,0,0.5720663265306123,-0.6805841752525758,0
C000892,0.0,0.07139295954320381,0.0,4,0,0.8472644376899694,-0.4663025010504777,0
C000893,0.0,0.07476752035192781,0.0,4,0,0.41836734693877564,-0.6004940333298542,0
C000894,0.0,0.05292504706480982,0.0,2,0,0.7993920972644377,-1.0,0
C000895,0.0,0.058924449599565935,0.0,5,0,0.8412698412698412,-0.6214742830054515,0
C000896,0.0,0.07675409308370917,0.0,2,0,0.5,-1.0,0
C000897,0.0,0.05646234085229255,0.0,2,0,0.5980066445182723,-0.96171051857084,0
C000898,0.0,0.03788315374432519,0.0,2,0,0.7380952380952381,-0.7489962440098433,0
C000899,0.0,0.1362096932824342,0.0,2,0,1.1904761904761907,-1.0,0
C000900,0.0,0.06286156496318969,0.0,3,0,1.0822981366459627,-1.0,0
C000901,0.0,0.5455769144225573,0.0,3,0,0.6555555555555557,-1.0,1
C000902,0.0,0.07033574229806205,0.0,3,0,1.0947204968944098,-1.0,0
C000903,0.0,0.7673889746531662,0.0,2,0,0.020408163265305923,-1.0,0
C000904,2.3333333333333335,0.042704532214547085,0.5,25,0,0.7268907563025209,-1.0,0
C000905,3.5,-0.1528287127301877,0.16666666666666666,24,0,0.8026315789473684,-0.897887323943662,1
C000906,0.0,0.9658003551168661,0.0,3,0,1.0,-0.4386144236229415,1
C000907,2.3333333333333335,-0.3580487548236951,0.3333333333333333,24,0,2.0,-1.0,1
C000908,3.6666666666666665,-0.522455185827564,0.16666666666666666,29,0,1.2857142857142856,-0.5968778106128743,1
C000909,0.0,0.24964382601101,0.0,2,0,1.063988095238095,-1.0,0
C000910,0.0,-0.05253162974916036,0.0,4,0,0.47069597069597036,-0.750054993400792,0
C000911,3.0,-0.06190805859097513,0.6666666666666666,27,0,0.6547619047619049,-1.0,1
C000912,3.0,0.12139977480499531,0.3333333333333333,28,0,0.41806722689075637,-1.0,1
C000913,0.0,0.05489820641219715,0.0,3,0,1.063411078717201,-0.9707736070054103,1
C000914,3.8333333333333335,-0.4255421224864219,0.5,28,0,0.6581632653061225,-1.0,0
C000915,3.6666666666666665,-0.13648937039399672,0.3333333333333333,33,0,0.2857142857142856,-0.14189095928226364,0
C000916,0.0,0.03190153357581628,0.0,0,0,0.7857142857142856,-1.0,0
C000917,0.0,0.002383002873301073,0.0,2,0,0.0071428571428573395,-0.21047411227930965,1
C000918,0.0,0.03204744368012432,0.0,2,0,0.7380952380952379,-1.0,0
C000919,0.0,0.10465760909497498,0.0,2,0,0.8937074829931972,-1.0,0
C000920,0.0,0.5062204673651797,0.0,2,0,0.4512987012987013,-0.7252272347069648,0
C000921,0.0,0.09578582947143263,0.0,4,0,0.7288961038961037,-1.0,0
C000922,0.0,0.06060781373446389,0.0,5,0,0.6738721804511278,-1.0,0
C000923,2.8333333333333335,0.10162961948795662,0.3333333333333333,31,0,0.3125,-0.01733986128110975,0
C000924,0.0,-0.054996934356448424,0.0,3,0,0.75,-0.2518023279229933,0
C000925,2.3333333333333335,0.03652471253265663,0.5,32,0,1.0779220779220777,-1.0,1
C000926,0.0,0.044960702933476204,0.0,2,0,0.6353383458646613,-1.0,0
C000927,0.0,0.25913723010860856,0.0,3,0,0.7142857142857142,-1.0,0
C000928,0.0,0.17256050133937975,0.0,5,0,0.7380952380952381,-1.0,0
C000929,4.0,-0.3866053990214626,0.8333333333333334,29,0,0.8194444444444444,-0.8576502541959746,1
C000930,0.0,0.5750787415883227,0.0,4,0,0.8082298136645962,-1.0,0
C000931,0.0,0.19753106453879118,0.0,2,0,0.402332361516035,-1.0,0
C000932,2.0,-0.17798843207002113,1.0,26,0,1.1764705882352944,-1.0,0
C000933,0.0,1.0,0.0,2,0,1.041666666666667,-1.0,1
C000934,0.0,0.21980420327296057,0.0,3,0,1.3229813664596275,-1.0,0
C000935,0.0,0.365303339712251,0.0,3,0,1.1378737541528237,-1.0,0
C000936,0.0,0.059261152812020934,0.0,3,0,0.984472049689441,-1.0,0
C000937,4.5,-0.3607297901652366,0.3333333333333333,27,0,0.7763157894736841,-1.0,1
C000938,0.0,0.07309657214989268,0.0,5,0,0.6946428571428569,-1.0,0
C000939,0.0,0.751895240344849,0.0,4,0,0.7026239067055391,-1.0,1
C000940,0.0,0.21629737311846803,0.0,3,0,1.1976744186046515,-1.0,0
C000941,0.0,0.11796269323784951,0.0,6,0,0.6533101045296166,-1.0,0
C000942,0.0,0.10215071847736641,0.0,3,0,0.7142857142857142,-1.0,0
C000943,0.0,0.03964547344701109,0.0,4,0,1.046703296703297,-0.762044798680775,1
C000944,0.0,0.030816140575832405,0.0,1,0,0.5824175824175826,-0.6822847644931606,0
C000945,0.0,0.06636729226222692,0.0,4,0,0.8633540372670809,-1.0,0
C000946,0.0,0.2181120398471947,0.0,5,0,0.7510204081632652,-1.0,0
C000947,0.0,0.29347132243271934,0.0,3,0,0.6275510204081629,-1.0,1
C000948,0.0,0.06221425072704561,0.0,4,0,1.1,-1.0,1
C000949,0.0,0.22095124084778628,0.0,2,0,1.2573260073260073,-0.7293369497489279,1
C000950,0.0,0.01492769766393224,0.0,1,0,0.7045454545454544,-0.9806818952077544,0
C000951,0.0,0.024455043161095435,0.0,3,0,0.37043189368770757,-1.0,0
C000952,0.0,0.17278104117763635,0.0,4,0,1.2531512605042017,-1.0,0
C000953,0.0,0.023341781657279615,0.0,4,0,1.1768292682926829,-1.0,0
C000954,4.166666666666667,-0.4316507611725028,0.5,27,0,0.30476190476190457,-0.15117051303337206,1
C000955,0.0,0.8615552473849261,0.0,4,0,0.6086956521739129,-0.7160910199106054,1
C000956,0.0,0.1136499458168915,0.0,2,0,0.892063492063492,-1.0,1
C000957,0.0,0.07689514719529501,0.0,3,0,0.9679300291545185,-1.0,1
C000958,0.0,0.2578309239890768,0.0,5,0,0.6640211640211642,-0.7673135157411887,1
C000959,0.0,0.1829191112546774,0.0,4,0,0.33035714285714257,-0.815821618600029,0
C000960,0.0,0.06036280487699795,0.0,4,0,0.7708333333333335,-0.6453450985995999,1
C000961,0.0,0.22232257757566476,0.0,5,0,0.9372822299651569,-1.0,0
C000962,0.0,0.054434054316566664,0.0,1,0,0.8367346938775511,-1.0,0
C000963,0.0,0.1084787759003241,0.0,1,0,1.0379939209726445,-0.9509758059989147,0
C000964,0.0,0.07887065711130259,0.0,4,0,1.0069686411149825,-0.540659246940429,0
C000965,0.0,0.9657720812400544,0.0,1,0,0.9090909090909094,-1.0,0
C000966,0.0,0.20101588581565208,0.0,1,0,0.39961389961389937,-1.0,0
C000967,0.0,0.08612391353874711,0.0,3,0,1.3650793650793651,-0.8796491872531913,1
C000968,0.0,0.13506235553374935,0.0,2,0,0.4836956521739133,-1.0,0
C000969,3.3333333333333335,-0.2531478613963986,1.0,22,0,-0.20238095238095233,-1.0,0
C000970,2.0,-0.02612532120312853,0.5,28,0,1.0238095238095237,-1.0,0
C000971,0.0,0.9453229990678731,0.0,3,0,0.9154518950437316,-1.0,1
C000972,0.0,0.424254119404534,0.0,4,0,0.7619047619047621,-1.0,0
C000973,0.0,0.0522395579986876,0.0,1,0,0.15873015873015883,-1.0,0
C000974,0.0,0.1689807635971293,0.0,4,0,0.36100386100386084,-1.0,1
C000975,2.0,0.14480835360839303,0.5,30,0,1.535714285714286,-1.0,1
C000976,4.666666666666667,-0.33392086916769304,0.6666666666666666,32,0,0.7410714285714284,-0.8008490930142802,0
C000977,0.0,0.1388644329885699,0.0,3,0,1.0627177700348431,-1.0,1
C000978,1.5,-0.3371061977690202,0.5,26,0,0.5225563909774436,-1.0,1
C000979,0.0,0.17328803137945653,0.0,2,0,0.5021008403361344,-0.5421146953405018,0
C000980,0.0,0.5488159438183702,0.0,2,0,0.4785714285714284,-0.23771656487598156,1
C000981,0.0,0.22990491219709758,0.0,4,0,0.9950000000000001,-1.0,0
C000982,0.0,0.06105891422343283,0.0,3,0,0.6022727272727273,-0.8443627779715122,0
C000983,0.0,0.4665092668346824,0.0,2,0,0.9594155844155843,-1.0,0
C000984,0.0,0.12565908528996836,0.0,5,0,0.8846726190476188,-0.40511870685300555,0
C000985,0.0,0.18489271853289782,0.0,5,0,1.4545454545454541,-1.0,0
C000986,6.0,-0.7696813612497517,0.6666666666666666,28,0,0.8818681318681316,-0.5796976021992567,1
C000987,0.0,0.28698702478322646,0.0,5,0,0.8170731707317074,-1.0,0
C000988,0.0,0.04997788555727985,0.0,0,0,0.13046647230320696,-0.7467142935049353,0
C000989,0.0,0.8187275676043769,0.0,1,0,1.10790273556231,-0.8914506860560573,1
C000990,0.0,0.2840616517067876,0.0,2,0,0.8781512605042014,-0.7470871677396421,0
C000991,0.0,0.06324160075982098,0.0,2,0,0.5764411027568925,-0.9667419536984755,0
C000992,0.0,0.18386067887830906,0.0,4,0,0.9132653061224487,-1.0,0
C000993,0.0,0.1543707678798202,0.0,5,0,1.0045454545454549,-1.0,0
C000994,1.6666666666666667,0.2204995448851094,0.6666666666666666,27,0,0.6964285714285712,-0.667380240730269,1
C000995,0.0,0.1920996584354936,0.0,1,0,1.2812499999999996,-1.0,0
C000996,0.0,0.14605932645769223,0.0,1,0,1.2272727272727275,-0.3923339011925043,0
C000997,0.0,0.17550088372757278,0.0,2,0,0.6555555555555557,-0.5744069527224372,0
C000998,0.0,0.42834576190043727,0.0,2,0,0.9500000000000002,-1.0,0
C000999,0.0,0.1372468746987948,0.0,3,0,1.147727272727273,-1.0,0
C001000,0.0,0.09202005478953879,0.0,3,0,0.6395348837209303,-1.0,0
